month_id;id_client;amount;count;city
1;ee47d746-6d2f-4d3c-9622-c31412542920;64104;1;moscow
2;375e0724-f033-4c76-b579-84969cf38ee2;56043;11;krasnodar
3;6644e5b4-9934-4863-9778-aaa125207701;136970;16;lobya
4;c971fb21-d54c-4134-938f-16b62ee86d3b;97455;1;moscow
5;161e1b98-45ba-4b4e-8236-e6e3e70f6f7c;23158;16;krasnodar
6;86432d8d-b706-463b-bd5d-6a9e170daee3;147416;8;lobya
7;4d93d3f6-8b24-403b-a74b-f5173e40d7db;169285;1;moscow
8;0948b0c2-990b-4a11-b835-69ac4714b21d;16148;16;krasnodar
9;a576fa59-7b28-4a4c-a496-92f128754a94;47002;6;lobya
10;17213b88-1514-47a4-b8aa-ce51378ab34e;62115;12;moscow
11;b731df05-98fa-4610-8496-716ec530a02c;180144;6;krasnodar
12;f08d9018-438e-4e96-b519-f74c0302a433;174152;16;lobya
1;1bc8ad38-3392-4042-8cde-aa5de306c947;40144;8;moscow
2;32a85453-f14d-40c2-90ba-3851498a5f3b;68741;14;krasnodar
3;9d05bf55-76d8-4efa-8617-435f92fe83f1;192779;1;lobya
4;494a90f5-2198-4212-8fc9-e3e22ad7afd9;6897;6;moscow
5;49b9c587-c19e-4481-bace-967aeac357fa;62175;13;krasnodar
6;5f75c73a-1305-4079-b040-2bcb42085002;113332;10;lobya
7;649c4398-a4c4-4d01-b29b-f14704ce6e17;120160;9;moscow
8;29a514f5-a27e-4939-85d5-874a0c3f7a2c;97593;5;krasnodar
9;d0c6d3d9-dc3b-4406-afb7-f6cb0da3a4a9;8539;11;lobya
10;1e17318f-c4f1-4d0f-8ee4-9bf976c5b4ef;185250;5;moscow
11;eee7b1fa-ba81-4049-add6-370ee5e62e72;39205;3;krasnodar
12;f043e014-b263-4ef7-adc7-340e6c71213c;38455;7;lobya
1;bc7795fc-dbe8-44db-ad28-e0b75d86dabd;33309;5;moscow
2;e64aad3a-fffc-4193-8df5-e94a43eff295;154251;11;krasnodar
3;32de7df8-8d4f-4c84-a7b9-c41d00dd83ba;167770;1;lobya
4;e8a27cb1-6d5a-4161-aac4-11df7dfb4a0e;18715;2;moscow
5;ee47d746-6d2f-4d3c-9622-c31412542920;192808;3;moscow
6;375e0724-f033-4c76-b579-84969cf38ee2;129052;16;krasnodar
7;6644e5b4-9934-4863-9778-aaa125207701;80540;13;lobya
8;c971fb21-d54c-4134-938f-16b62ee86d3b;137594;6;moscow
9;161e1b98-45ba-4b4e-8236-e6e3e70f6f7c;58230;8;krasnodar
10;86432d8d-b706-463b-bd5d-6a9e170daee3;17580;5;lobya
11;4d93d3f6-8b24-403b-a74b-f5173e40d7db;74139;7;moscow
12;0948b0c2-990b-4a11-b835-69ac4714b21d;188709;10;krasnodar
1;a576fa59-7b28-4a4c-a496-92f128754a94;64685;5;lobya
2;17213b88-1514-47a4-b8aa-ce51378ab34e;183167;13;moscow
3;b731df05-98fa-4610-8496-716ec530a02c;53405;8;krasnodar
4;f08d9018-438e-4e96-b519-f74c0302a433;158524;5;lobya
5;1bc8ad38-3392-4042-8cde-aa5de306c947;154290;11;moscow
6;32a85453-f14d-40c2-90ba-3851498a5f3b;128104;15;krasnodar
7;9d05bf55-76d8-4efa-8617-435f92fe83f1;108036;11;lobya
8;494a90f5-2198-4212-8fc9-e3e22ad7afd9;128920;1;moscow
9;49b9c587-c19e-4481-bace-967aeac357fa;74070;7;krasnodar
10;5f75c73a-1305-4079-b040-2bcb42085002;201705;2;lobya
11;649c4398-a4c4-4d01-b29b-f14704ce6e17;81965;14;moscow
12;29a514f5-a27e-4939-85d5-874a0c3f7a2c;179284;1;krasnodar
1;d0c6d3d9-dc3b-4406-afb7-f6cb0da3a4a9;18795;4;lobya
2;1e17318f-c4f1-4d0f-8ee4-9bf976c5b4ef;31344;13;moscow
3;eee7b1fa-ba81-4049-add6-370ee5e62e72;58456;6;krasnodar
4;f043e014-b263-4ef7-adc7-340e6c71213c;130793;8;lobya
5;9151d307-654c-4239-a888-ada5ca45f0b2;161282;2;krasnodar
6;5e8789b4-2e82-48d7-8bde-0dec9e7f041c;56777;7;lobya
7;cfa03448-10b8-4538-94c9-82d53e869582;39552;15;moscow
8;3bc760df-7192-4ebc-9403-21ad69060f00;58947;15;krasnodar
9;98e660a4-b3ab-4abb-a94c-ae393f109d02;60162;3;lobya
10;a4b04a63-e66c-40b1-8bc0-f1a1c93291d8;34338;3;moscow
11;0b0ea807-ff4e-4bbf-b6be-5b7343b8af9d;57483;15;krasnodar
12;f5c28991-8268-4e71-a71e-28b98a9ac5f9;44048;15;lobya
1;ee47d746-6d2f-4d3c-9622-c31412542920;17754;16;moscow
2;375e0724-f033-4c76-b579-84969cf38ee2;18763;3;krasnodar
3;6644e5b4-9934-4863-9778-aaa125207701;115218;15;lobya
4;c971fb21-d54c-4134-938f-16b62ee86d3b;31940;4;moscow
5;161e1b98-45ba-4b4e-8236-e6e3e70f6f7c;143317;12;krasnodar
6;86432d8d-b706-463b-bd5d-6a9e170daee3;80191;11;lobya
7;4d93d3f6-8b24-403b-a74b-f5173e40d7db;182903;1;moscow
8;0948b0c2-990b-4a11-b835-69ac4714b21d;9025;12;krasnodar
9;a576fa59-7b28-4a4c-a496-92f128754a94;96328;13;lobya
10;17213b88-1514-47a4-b8aa-ce51378ab34e;166216;2;moscow
11;b731df05-98fa-4610-8496-716ec530a02c;151912;11;krasnodar
12;f08d9018-438e-4e96-b519-f74c0302a433;141924;9;lobya
1;1bc8ad38-3392-4042-8cde-aa5de306c947;189545;15;moscow
2;32a85453-f14d-40c2-90ba-3851498a5f3b;137133;5;krasnodar
3;9d05bf55-76d8-4efa-8617-435f92fe83f1;114424;16;lobya
4;494a90f5-2198-4212-8fc9-e3e22ad7afd9;146910;11;moscow
5;49b9c587-c19e-4481-bace-967aeac357fa;198249;8;krasnodar
6;5f75c73a-1305-4079-b040-2bcb42085002;107001;3;lobya
7;649c4398-a4c4-4d01-b29b-f14704ce6e17;45572;12;moscow
8;29a514f5-a27e-4939-85d5-874a0c3f7a2c;132266;11;krasnodar
9;d0c6d3d9-dc3b-4406-afb7-f6cb0da3a4a9;33176;16;lobya
10;1e17318f-c4f1-4d0f-8ee4-9bf976c5b4ef;57498;14;moscow
11;eee7b1fa-ba81-4049-add6-370ee5e62e72;24571;7;krasnodar
12;f043e014-b263-4ef7-adc7-340e6c71213c;173848;9;lobya
1;8ae705c9-7448-4ad9-8115-7f29e72012b5;167067;16;moscow
2;ab10dfb3-1f3e-4712-972a-729f5cec2eb2;86718;14;krasnodar
3;fd0b9896-da1b-493a-a53d-1c6cf5deccc4;184612;11;lobya
4;c002b475-7f55-4ee0-bfec-38093f0c8ca5;180940;6;moscow
5;a7fd2907-8521-4d75-a5b0-231ad712483c;199543;3;krasnodar
6;88433cc8-53a6-4f7b-8fee-111496371277;146385;5;lobya
7;83811faa-c85a-4f2a-88a7-051e94a71ccf;165862;14;moscow
8;a1d168b5-cdf3-4f11-b458-b684777a19ce;19927;4;krasnodar
9;fe2c35d8-a51a-45f3-bd85-27490d1d947a;204539;3;lobya
10;9f69c05a-d4e0-4439-a182-b4322e77ab99;190163;6;moscow
11;092ef2d7-30d2-4d15-9c40-35af6973f28b;20666;14;krasnodar
12;4d5f6a00-ae1a-4bf4-988f-d05b6349a676;96068;4;lobya
1;4816c601-0dd2-4dba-b395-f871e51dbf3d;59835;12;moscow
2;27a362b3-d62a-4e68-a655-43fc68c818da;87879;8;krasnodar
3;14891ee0-b828-4ea3-8566-6d4cac339de5;76479;13;lobya
4;42c5db22-6046-455b-a728-ff163a1b7808;134090;9;moscow
5;da3ab9e4-6ffa-42f8-abd1-33a1e448a555;23824;16;krasnodar
6;585b1d92-f760-41f1-80bd-824fb827f34a;75257;4;lobya
7;5aec7c17-5022-48ea-be49-4145ba45e5c6;131565;16;moscow
8;74a644e5-0be7-4dce-9136-c4d04a3ee35b;200555;1;krasnodar
9;7059aee2-80ae-4cdf-9d0d-31d41f665dca;12941;16;lobya
10;b371ce80-259a-4bb8-a550-0ebff690e3e1;76234;13;moscow
11;e7223593-81a8-49de-89c0-162e02e8e3b1;133807;16;krasnodar
12;d0dd6df3-b3e5-486b-a0ce-c03f02092395;125160;9;lobya
1;7806be90-e0a3-4ae0-838a-cbd84c65d846;169514;3;moscow
2;d4ed2dc1-9e93-496e-81e8-35c9734f0dc1;49831;12;krasnodar
3;d6a985fa-b1dc-4b2b-bb84-eb541587ccd2;31076;11;lobya
4;a4726e06-e517-4941-b591-ff4857aeb3f6;182369;7;moscow
5;7b146716-01df-4049-ba39-30d2f37254f9;87912;9;krasnodar
6;6f1a9a1a-0322-46e4-a692-0f253fdcd1ce;131694;13;lobya
7;2d2fe40b-3a7c-4172-94d2-a7a7c7030266;60728;4;moscow
8;5e8789b4-2e82-48d7-8bde-0dec9e7f041c;26126;6;lobya
9;cfa03448-10b8-4538-94c9-82d53e869582;129229;7;moscow
10;3bc760df-7192-4ebc-9403-21ad69060f00;192093;6;krasnodar
11;98e660a4-b3ab-4abb-a94c-ae393f109d02;11582;4;lobya
12;a4b04a63-e66c-40b1-8bc0-f1a1c93291d8;74403;8;moscow
1;0b0ea807-ff4e-4bbf-b6be-5b7343b8af9d;18633;8;krasnodar
2;f5c28991-8268-4e71-a71e-28b98a9ac5f9;165083;6;lobya
3;ee47d746-6d2f-4d3c-9622-c31412542920;93156;3;moscow
4;375e0724-f033-4c76-b579-84969cf38ee2;159889;14;krasnodar
5;6644e5b4-9934-4863-9778-aaa125207701;50090;4;lobya
6;c971fb21-d54c-4134-938f-16b62ee86d3b;112947;13;moscow
7;161e1b98-45ba-4b4e-8236-e6e3e70f6f7c;165586;16;krasnodar
8;86432d8d-b706-463b-bd5d-6a9e170daee3;86354;1;lobya
9;4d93d3f6-8b24-403b-a74b-f5173e40d7db;150021;14;moscow
10;0948b0c2-990b-4a11-b835-69ac4714b21d;58171;7;krasnodar
11;a576fa59-7b28-4a4c-a496-92f128754a94;43806;16;lobya
12;17213b88-1514-47a4-b8aa-ce51378ab34e;33348;10;moscow
1;b731df05-98fa-4610-8496-716ec530a02c;180758;12;krasnodar
2;f08d9018-438e-4e96-b519-f74c0302a433;108112;7;lobya
3;1bc8ad38-3392-4042-8cde-aa5de306c947;14447;3;moscow
4;32a85453-f14d-40c2-90ba-3851498a5f3b;118243;5;krasnodar
5;9d05bf55-76d8-4efa-8617-435f92fe83f1;184406;12;lobya
6;494a90f5-2198-4212-8fc9-e3e22ad7afd9;123744;1;moscow
7;49b9c587-c19e-4481-bace-967aeac357fa;36278;2;krasnodar
8;5f75c73a-1305-4079-b040-2bcb42085002;93714;14;lobya
9;649c4398-a4c4-4d01-b29b-f14704ce6e17;9050;12;moscow
10;29a514f5-a27e-4939-85d5-874a0c3f7a2c;125848;11;krasnodar
11;d0c6d3d9-dc3b-4406-afb7-f6cb0da3a4a9;32741;1;lobya
12;1e17318f-c4f1-4d0f-8ee4-9bf976c5b4ef;37159;14;moscow
1;eee7b1fa-ba81-4049-add6-370ee5e62e72;11064;6;krasnodar
2;f043e014-b263-4ef7-adc7-340e6c71213c;85557;9;lobya
3;8ae705c9-7448-4ad9-8115-7f29e72012b5;183517;9;moscow
4;ab10dfb3-1f3e-4712-972a-729f5cec2eb2;63120;11;krasnodar
5;fd0b9896-da1b-493a-a53d-1c6cf5deccc4;159055;14;lobya
6;c002b475-7f55-4ee0-bfec-38093f0c8ca5;182265;14;moscow
7;a7fd2907-8521-4d75-a5b0-231ad712483c;132068;3;krasnodar
8;88433cc8-53a6-4f7b-8fee-111496371277;172928;6;lobya
9;83811faa-c85a-4f2a-88a7-051e94a71ccf;90459;14;moscow
10;a1d168b5-cdf3-4f11-b458-b684777a19ce;135982;2;krasnodar
11;fe2c35d8-a51a-45f3-bd85-27490d1d947a;177212;16;lobya
12;9f69c05a-d4e0-4439-a182-b4322e77ab99;64918;9;moscow
1;092ef2d7-30d2-4d15-9c40-35af6973f28b;34402;8;krasnodar
2;4d5f6a00-ae1a-4bf4-988f-d05b6349a676;133735;16;lobya
3;4816c601-0dd2-4dba-b395-f871e51dbf3d;28260;9;moscow
4;27a362b3-d62a-4e68-a655-43fc68c818da;135023;15;krasnodar
5;14891ee0-b828-4ea3-8566-6d4cac339de5;77544;1;lobya
6;42c5db22-6046-455b-a728-ff163a1b7808;161276;14;moscow
7;da3ab9e4-6ffa-42f8-abd1-33a1e448a555;189297;3;krasnodar
8;585b1d92-f760-41f1-80bd-824fb827f34a;151999;1;lobya
9;5aec7c17-5022-48ea-be49-4145ba45e5c6;18462;8;moscow
10;74a644e5-0be7-4dce-9136-c4d04a3ee35b;149152;9;krasnodar
11;7059aee2-80ae-4cdf-9d0d-31d41f665dca;28788;7;lobya
12;b371ce80-259a-4bb8-a550-0ebff690e3e1;164809;13;moscow
1;e7223593-81a8-49de-89c0-162e02e8e3b1;63064;11;krasnodar
2;d0dd6df3-b3e5-486b-a0ce-c03f02092395;41587;9;lobya
3;7806be90-e0a3-4ae0-838a-cbd84c65d846;135240;14;moscow
4;005ba170-45e8-42de-93f7-192481ae2659;141576;15;krasnodar
5;c1dd5c0e-51db-4a5d-91a3-5374cb20043d;102757;5;lobya
6;7c769d6c-869c-4200-b3a6-c33ef2d7723f;190296;7;moscow
7;9804e44f-bf1d-4b3a-992f-e2a575b43b7d;66782;16;krasnodar
8;c5f7d5a6-c523-4e2c-bdf3-96a8dea6e00d;180752;2;lobya
9;65749106-bf0b-4cbf-90d4-797ed218473e;149895;10;moscow
10;ad501a3a-19b7-4f38-8108-a6ee76b4bc7e;123570;1;krasnodar
11;67cfb245-0080-46a1-a2e8-33a24a20103c;94666;12;lobya
12;ada6350f-eafb-453a-b822-23d2c8eabac1;13942;16;moscow
1;5580760e-3857-4710-b4a5-70c29aa54342;30907;4;krasnodar
2;c9279020-09f8-461e-a694-4937485620d5;69342;13;lobya
3;aa42dc38-780f-4b50-9a65-83b6fa64e766;87051;4;moscow
4;499ee08a-43b5-4f2c-a3fc-96d04f5cbb11;112096;10;krasnodar
5;5e8789b4-2e82-48d7-8bde-0dec9e7f041c;89901;14;lobya
6;cfa03448-10b8-4538-94c9-82d53e869582;139394;5;moscow
7;3bc760df-7192-4ebc-9403-21ad69060f00;103346;13;krasnodar
8;98e660a4-b3ab-4abb-a94c-ae393f109d02;202990;12;lobya
9;a4b04a63-e66c-40b1-8bc0-f1a1c93291d8;154323;11;moscow
10;0b0ea807-ff4e-4bbf-b6be-5b7343b8af9d;181376;14;krasnodar
11;f5c28991-8268-4e71-a71e-28b98a9ac5f9;137162;5;lobya
12;ee47d746-6d2f-4d3c-9622-c31412542920;199796;6;moscow
1;375e0724-f033-4c76-b579-84969cf38ee2;98147;3;krasnodar
2;6644e5b4-9934-4863-9778-aaa125207701;41829;1;lobya
3;c971fb21-d54c-4134-938f-16b62ee86d3b;165612;2;moscow
4;161e1b98-45ba-4b4e-8236-e6e3e70f6f7c;52654;7;krasnodar
5;86432d8d-b706-463b-bd5d-6a9e170daee3;169920;1;lobya
6;4d93d3f6-8b24-403b-a74b-f5173e40d7db;7782;14;moscow
7;0948b0c2-990b-4a11-b835-69ac4714b21d;21975;9;krasnodar
8;a576fa59-7b28-4a4c-a496-92f128754a94;95395;8;lobya
9;17213b88-1514-47a4-b8aa-ce51378ab34e;192442;2;moscow
10;b731df05-98fa-4610-8496-716ec530a02c;47100;15;krasnodar
11;f08d9018-438e-4e96-b519-f74c0302a433;159199;10;lobya
12;1bc8ad38-3392-4042-8cde-aa5de306c947;163115;13;moscow
1;32a85453-f14d-40c2-90ba-3851498a5f3b;55082;5;krasnodar
2;9d05bf55-76d8-4efa-8617-435f92fe83f1;182667;7;lobya
3;494a90f5-2198-4212-8fc9-e3e22ad7afd9;163204;16;moscow
4;49b9c587-c19e-4481-bace-967aeac357fa;156328;2;krasnodar
5;5f75c73a-1305-4079-b040-2bcb42085002;86175;11;lobya
6;649c4398-a4c4-4d01-b29b-f14704ce6e17;198008;1;moscow
7;29a514f5-a27e-4939-85d5-874a0c3f7a2c;70656;9;krasnodar
8;d0c6d3d9-dc3b-4406-afb7-f6cb0da3a4a9;101144;1;lobya
9;1e17318f-c4f1-4d0f-8ee4-9bf976c5b4ef;63024;2;moscow
10;eee7b1fa-ba81-4049-add6-370ee5e62e72;133250;4;krasnodar
11;f043e014-b263-4ef7-adc7-340e6c71213c;73095;5;lobya
12;8ae705c9-7448-4ad9-8115-7f29e72012b5;196976;1;moscow
1;ab10dfb3-1f3e-4712-972a-729f5cec2eb2;131343;13;krasnodar
2;fd0b9896-da1b-493a-a53d-1c6cf5deccc4;6280;13;lobya
3;c002b475-7f55-4ee0-bfec-38093f0c8ca5;13151;8;moscow
4;a7fd2907-8521-4d75-a5b0-231ad712483c;56874;10;krasnodar
5;88433cc8-53a6-4f7b-8fee-111496371277;189444;11;lobya
6;83811faa-c85a-4f2a-88a7-051e94a71ccf;89344;7;moscow
7;a1d168b5-cdf3-4f11-b458-b684777a19ce;65653;5;krasnodar
8;fe2c35d8-a51a-45f3-bd85-27490d1d947a;45334;15;lobya
9;9f69c05a-d4e0-4439-a182-b4322e77ab99;157246;4;moscow
10;092ef2d7-30d2-4d15-9c40-35af6973f28b;140389;12;krasnodar
11;4d5f6a00-ae1a-4bf4-988f-d05b6349a676;168819;3;lobya
12;4816c601-0dd2-4dba-b395-f871e51dbf3d;117291;2;moscow
1;27a362b3-d62a-4e68-a655-43fc68c818da;194809;3;krasnodar
2;14891ee0-b828-4ea3-8566-6d4cac339de5;28217;2;lobya
3;42c5db22-6046-455b-a728-ff163a1b7808;32408;2;moscow
4;da3ab9e4-6ffa-42f8-abd1-33a1e448a555;87416;15;krasnodar
5;585b1d92-f760-41f1-80bd-824fb827f34a;11133;6;lobya
6;5aec7c17-5022-48ea-be49-4145ba45e5c6;200856;2;moscow
7;74a644e5-0be7-4dce-9136-c4d04a3ee35b;104548;8;krasnodar
8;7059aee2-80ae-4cdf-9d0d-31d41f665dca;102481;8;lobya
9;b371ce80-259a-4bb8-a550-0ebff690e3e1;69870;9;moscow
10;e7223593-81a8-49de-89c0-162e02e8e3b1;58492;14;krasnodar
11;d0dd6df3-b3e5-486b-a0ce-c03f02092395;17654;10;lobya
12;7806be90-e0a3-4ae0-838a-cbd84c65d846;13866;5;moscow
1;44b3a10f-59f9-4677-aebf-e42d06f46ddb;113861;16;lobya
2;b464e672-9af1-4e7b-b9d4-518f629de18a;82353;16;moscow
3;937c6094-7a05-4c21-a7fa-9ea3cd4bab99;54217;14;krasnodar
4;5bc532d4-a705-4004-b6be-028274cfb764;105649;13;lobya
5;e155bf23-e408-43da-905f-5dfb82ea20f1;148885;3;moscow
6;34cb52b8-e8b6-44d9-b7fc-a811d0b1d827;182276;12;krasnodar
7;d5e3fb18-e36f-49a2-98e6-af8ae1a3d5b8;171474;6;lobya
8;d15c689b-2387-4886-9d10-f4a3cec50fd4;107358;11;moscow
9;e2f8a3ad-2cd5-41c5-99f7-213b0e851c85;165956;7;krasnodar
10;f1cb90a3-c0d7-463b-bf85-a17711939a69;160199;5;lobya
11;f0a585de-b148-4b8c-9010-79ad6b410cf8;111947;13;moscow
12;dc56f3cd-a8e8-4ad8-8c1f-e9f33839273a;114105;8;krasnodar
1;b3091c0c-a36e-460f-9123-1a642d1ade5c;160829;3;lobya
2;ccac0232-4966-4005-aa37-739aeb60e38b;93741;14;moscow
3;94fd3491-f37a-4317-b6c0-c544f0d26629;130218;4;krasnodar
4;06e2fc7e-6183-4419-ada4-3b976baeed92;190253;1;lobya
5;32f901c4-6730-4a1d-8284-eb71a68bc8fb;31401;6;moscow
6;261e4e8b-8211-4ffd-8583-8491395315cb;61419;12;krasnodar
7;76e12e82-776d-47fb-b2fa-822233c5ae79;177275;12;lobya
8;bb88c9be-017b-4a86-a96b-9b1bdd856aa2;94076;14;moscow
9;88850033-1ad3-4e1a-93b7-61552036d367;137343;13;krasnodar
10;5e8789b4-2e82-48d7-8bde-0dec9e7f041c;12274;6;lobya
11;cfa03448-10b8-4538-94c9-82d53e869582;197310;5;moscow
12;3bc760df-7192-4ebc-9403-21ad69060f00;16435;10;krasnodar
1;98e660a4-b3ab-4abb-a94c-ae393f109d02;178719;9;lobya
2;a4b04a63-e66c-40b1-8bc0-f1a1c93291d8;72934;12;moscow
3;0b0ea807-ff4e-4bbf-b6be-5b7343b8af9d;188272;2;krasnodar
4;f5c28991-8268-4e71-a71e-28b98a9ac5f9;41429;4;lobya
5;ee47d746-6d2f-4d3c-9622-c31412542920;190549;2;moscow
6;375e0724-f033-4c76-b579-84969cf38ee2;39083;14;krasnodar
7;6644e5b4-9934-4863-9778-aaa125207701;173792;14;lobya
8;c971fb21-d54c-4134-938f-16b62ee86d3b;152935;15;moscow
9;161e1b98-45ba-4b4e-8236-e6e3e70f6f7c;193921;5;krasnodar
10;86432d8d-b706-463b-bd5d-6a9e170daee3;5947;16;lobya
11;4d93d3f6-8b24-403b-a74b-f5173e40d7db;126048;7;moscow
12;0948b0c2-990b-4a11-b835-69ac4714b21d;96305;5;krasnodar
1;a576fa59-7b28-4a4c-a496-92f128754a94;60755;7;lobya
2;17213b88-1514-47a4-b8aa-ce51378ab34e;177439;7;moscow
3;b731df05-98fa-4610-8496-716ec530a02c;30542;13;krasnodar
4;f08d9018-438e-4e96-b519-f74c0302a433;38003;2;lobya
5;1bc8ad38-3392-4042-8cde-aa5de306c947;124268;16;moscow
6;32a85453-f14d-40c2-90ba-3851498a5f3b;120450;5;krasnodar
7;9d05bf55-76d8-4efa-8617-435f92fe83f1;127164;2;lobya
8;494a90f5-2198-4212-8fc9-e3e22ad7afd9;100492;15;moscow
9;49b9c587-c19e-4481-bace-967aeac357fa;197896;2;krasnodar
10;5f75c73a-1305-4079-b040-2bcb42085002;32656;14;lobya
11;649c4398-a4c4-4d01-b29b-f14704ce6e17;85382;9;moscow
12;29a514f5-a27e-4939-85d5-874a0c3f7a2c;48783;2;krasnodar
1;d0c6d3d9-dc3b-4406-afb7-f6cb0da3a4a9;74925;7;lobya
2;1e17318f-c4f1-4d0f-8ee4-9bf976c5b4ef;79074;3;moscow
3;eee7b1fa-ba81-4049-add6-370ee5e62e72;92978;15;krasnodar
4;f043e014-b263-4ef7-adc7-340e6c71213c;48627;7;lobya
5;8ae705c9-7448-4ad9-8115-7f29e72012b5;163764;7;moscow
6;ab10dfb3-1f3e-4712-972a-729f5cec2eb2;181839;4;krasnodar
7;fd0b9896-da1b-493a-a53d-1c6cf5deccc4;38218;7;lobya
8;c002b475-7f55-4ee0-bfec-38093f0c8ca5;131255;11;moscow
9;a7fd2907-8521-4d75-a5b0-231ad712483c;32639;2;krasnodar
10;88433cc8-53a6-4f7b-8fee-111496371277;131685;2;lobya
11;83811faa-c85a-4f2a-88a7-051e94a71ccf;25247;4;moscow
12;a1d168b5-cdf3-4f11-b458-b684777a19ce;143788;14;krasnodar
1;fe2c35d8-a51a-45f3-bd85-27490d1d947a;77536;13;lobya
2;9f69c05a-d4e0-4439-a182-b4322e77ab99;149077;16;moscow
3;092ef2d7-30d2-4d15-9c40-35af6973f28b;23398;15;krasnodar
4;4d5f6a00-ae1a-4bf4-988f-d05b6349a676;190182;16;lobya
5;4816c601-0dd2-4dba-b395-f871e51dbf3d;176826;9;moscow
6;27a362b3-d62a-4e68-a655-43fc68c818da;13837;6;krasnodar
7;14891ee0-b828-4ea3-8566-6d4cac339de5;87602;5;lobya
8;42c5db22-6046-455b-a728-ff163a1b7808;74898;16;moscow
9;da3ab9e4-6ffa-42f8-abd1-33a1e448a555;43884;14;krasnodar
10;585b1d92-f760-41f1-80bd-824fb827f34a;146517;10;lobya
11;5aec7c17-5022-48ea-be49-4145ba45e5c6;202512;11;moscow
12;74a644e5-0be7-4dce-9136-c4d04a3ee35b;70452;5;krasnodar
1;7059aee2-80ae-4cdf-9d0d-31d41f665dca;172011;6;lobya
2;b371ce80-259a-4bb8-a550-0ebff690e3e1;120566;3;moscow
3;e7223593-81a8-49de-89c0-162e02e8e3b1;157186;12;krasnodar
4;d0dd6df3-b3e5-486b-a0ce-c03f02092395;50123;1;lobya
5;7806be90-e0a3-4ae0-838a-cbd84c65d846;199633;4;moscow
6;61eb5dd8-2029-40eb-bc5e-038cae9f9d3e;45297;4;lobya
7;b45f5679-ee10-4c52-bdd3-cb714961feaf;187214;10;moscow
8;71057b3d-2f98-4652-bd51-a319237fc2b0;154138;7;krasnodar
9;b39d051c-5f04-43b8-a064-75930b6b9199;68901;1;lobya
10;278cffb9-4414-449a-8cb8-ffdbef1bf1d8;98895;5;moscow
11;2a1d60f3-cdc4-49db-8f2b-919bb8098411;78896;14;krasnodar
12;7617a533-0fa5-4c47-a813-56f4126e320b;53773;9;lobya
1;e72fcd9e-d3d0-4a40-8910-6bce6e794aed;50216;8;moscow
2;78c5613a-0091-4c18-b035-03d8fbc1dc94;58347;3;krasnodar
3;5b8356c0-5437-4b96-b69e-c196277b17d0;144419;2;lobya
4;37dce397-4e51-4da1-a44f-4f05aad2b3de;54762;5;moscow
5;d0b8d6ab-cf5d-48d4-b71b-7787422c9b70;66686;7;krasnodar
6;2dab8d4b-62e4-4cdd-b812-6dd3b298f89a;73658;12;lobya
7;bce912d0-021a-4735-94a8-0c22f78fc833;199708;8;moscow
8;b3300cc6-d8d4-4c5f-9b10-00f60b1f73b3;6712;6;krasnodar
9;52aff75c-a972-4c25-bad5-dfe6a48cd981;124936;9;lobya
10;85193ad7-f629-4c64-b9dd-afc50393c29a;111934;4;moscow
11;c3c6e13a-9b7f-419c-8053-0547033efa07;130655;16;krasnodar
12;c1a67e3b-bb42-427a-b399-bca2be024179;36685;2;lobya
1;9b749df6-1849-4c22-a6de-85a3ad7abbfa;179989;11;moscow
2;b404412c-ba51-4945-a47d-bdb965c6f970;172294;14;krasnodar
3;7d91d2e0-0f18-4cc4-bb58-d2a4115a2caf;103649;1;lobya
4;2a01b68c-9174-41e5-9c3a-315bb4bfb9a6;67389;16;moscow
5;7e0d35e6-71ea-4863-82d3-8ca2cd0f4402;27692;5;krasnodar
6;7d8528bb-623e-477f-a059-efc312b62d29;137099;1;lobya
7;a20fa81f-233b-434b-90a2-5c8f80dd2119;40014;2;moscow
8;5e8789b4-2e82-48d7-8bde-0dec9e7f041c;178630;14;lobya
9;cfa03448-10b8-4538-94c9-82d53e869582;17501;3;moscow
10;3bc760df-7192-4ebc-9403-21ad69060f00;179875;14;krasnodar
11;98e660a4-b3ab-4abb-a94c-ae393f109d02;145730;12;lobya
12;a4b04a63-e66c-40b1-8bc0-f1a1c93291d8;55597;5;moscow
1;0b0ea807-ff4e-4bbf-b6be-5b7343b8af9d;124021;4;krasnodar
2;f5c28991-8268-4e71-a71e-28b98a9ac5f9;58746;8;lobya
3;ee47d746-6d2f-4d3c-9622-c31412542920;40333;1;moscow
4;375e0724-f033-4c76-b579-84969cf38ee2;40340;9;krasnodar
5;6644e5b4-9934-4863-9778-aaa125207701;23382;13;lobya
6;c971fb21-d54c-4134-938f-16b62ee86d3b;192099;4;moscow
7;161e1b98-45ba-4b4e-8236-e6e3e70f6f7c;120484;7;krasnodar
8;86432d8d-b706-463b-bd5d-6a9e170daee3;50216;11;lobya
9;4d93d3f6-8b24-403b-a74b-f5173e40d7db;85508;2;moscow
10;0948b0c2-990b-4a11-b835-69ac4714b21d;33397;11;krasnodar
11;a576fa59-7b28-4a4c-a496-92f128754a94;41714;6;lobya
12;17213b88-1514-47a4-b8aa-ce51378ab34e;169339;15;moscow
1;b731df05-98fa-4610-8496-716ec530a02c;144508;15;krasnodar
2;f08d9018-438e-4e96-b519-f74c0302a433;94499;16;lobya
3;1bc8ad38-3392-4042-8cde-aa5de306c947;201340;14;moscow
4;32a85453-f14d-40c2-90ba-3851498a5f3b;65811;8;krasnodar
5;9d05bf55-76d8-4efa-8617-435f92fe83f1;49250;5;lobya
6;494a90f5-2198-4212-8fc9-e3e22ad7afd9;152961;2;moscow
7;49b9c587-c19e-4481-bace-967aeac357fa;81653;14;krasnodar
8;5f75c73a-1305-4079-b040-2bcb42085002;172409;3;lobya
9;649c4398-a4c4-4d01-b29b-f14704ce6e17;122646;10;moscow
10;29a514f5-a27e-4939-85d5-874a0c3f7a2c;198835;13;krasnodar
11;d0c6d3d9-dc3b-4406-afb7-f6cb0da3a4a9;128851;6;lobya
12;1e17318f-c4f1-4d0f-8ee4-9bf976c5b4ef;203053;5;moscow
1;eee7b1fa-ba81-4049-add6-370ee5e62e72;149888;8;krasnodar
2;f043e014-b263-4ef7-adc7-340e6c71213c;35491;16;lobya
3;8ae705c9-7448-4ad9-8115-7f29e72012b5;104164;6;moscow
4;ab10dfb3-1f3e-4712-972a-729f5cec2eb2;62163;10;krasnodar
5;fd0b9896-da1b-493a-a53d-1c6cf5deccc4;94420;6;lobya
6;c002b475-7f55-4ee0-bfec-38093f0c8ca5;112864;12;moscow
7;a7fd2907-8521-4d75-a5b0-231ad712483c;73575;4;krasnodar
8;88433cc8-53a6-4f7b-8fee-111496371277;145351;12;lobya
9;83811faa-c85a-4f2a-88a7-051e94a71ccf;37481;9;moscow
10;a1d168b5-cdf3-4f11-b458-b684777a19ce;114667;14;krasnodar
11;fe2c35d8-a51a-45f3-bd85-27490d1d947a;26677;11;lobya
12;9f69c05a-d4e0-4439-a182-b4322e77ab99;65197;16;moscow
1;092ef2d7-30d2-4d15-9c40-35af6973f28b;140907;16;krasnodar
2;4d5f6a00-ae1a-4bf4-988f-d05b6349a676;30411;9;lobya
3;4816c601-0dd2-4dba-b395-f871e51dbf3d;105165;3;moscow
4;27a362b3-d62a-4e68-a655-43fc68c818da;181199;9;krasnodar
5;14891ee0-b828-4ea3-8566-6d4cac339de5;114476;4;lobya
6;42c5db22-6046-455b-a728-ff163a1b7808;122485;5;moscow
7;da3ab9e4-6ffa-42f8-abd1-33a1e448a555;39138;13;krasnodar
8;585b1d92-f760-41f1-80bd-824fb827f34a;85021;14;lobya
9;5aec7c17-5022-48ea-be49-4145ba45e5c6;82570;12;moscow
10;74a644e5-0be7-4dce-9136-c4d04a3ee35b;117963;7;krasnodar
11;7059aee2-80ae-4cdf-9d0d-31d41f665dca;118477;11;lobya
12;b371ce80-259a-4bb8-a550-0ebff690e3e1;188491;12;moscow
1;e7223593-81a8-49de-89c0-162e02e8e3b1;197118;4;krasnodar
2;d0dd6df3-b3e5-486b-a0ce-c03f02092395;161999;2;lobya
3;7806be90-e0a3-4ae0-838a-cbd84c65d846;186669;6;moscow
4;6eeca375-0727-4407-8e46-8c2acb31fbd5;30028;2;krasnodar
5;02648fcc-ab94-4f94-ad3b-fbaef270d001;161817;15;lobya
6;82b56a76-0dc9-4dae-aa76-863a9a80f082;152025;5;moscow
7;7e42cc1c-2fb9-401f-a5d7-dbe3f8105362;185270;16;krasnodar
8;e7601af1-7604-4a01-9873-b5f1d1f85793;88588;1;lobya
9;e56d3d9c-db1e-4455-8189-49f494a27103;44816;12;moscow
10;e779052d-7783-4b8c-9d04-9f0263ee88df;53181;16;krasnodar
11;60dd35d2-27c8-4621-9378-4e4ad1677db9;124599;2;lobya
12;50a22631-67a8-4fdc-86d6-1e779617fdf8;96348;6;moscow
1;1ccce13d-1ee3-4a7b-aecf-6118525a3ffc;89839;5;krasnodar
2;41f3cb45-ee57-4c7e-8891-edd1d6d1e587;115023;9;lobya
3;19ef25d1-7031-420f-85ac-4f87e8357503;135755;2;moscow
4;2979548e-5182-4dc1-930f-1b3701bf73a7;88946;15;krasnodar
5;9a9e4744-970c-4903-ad46-070512714921;19880;1;lobya
6;0e26f0b8-0801-4578-8337-40f12a764255;56874;13;moscow
7;834e321d-9056-462f-9dad-541ff73c4fbe;44225;2;krasnodar
8;0ed0e208-f3d2-4df1-b678-2c7a04944f4c;19976;14;lobya
9;7e138378-b60e-4735-a1e6-72bf000cbda1;203445;7;moscow
10;bbb32131-2d92-4c1e-aa28-41723f7bc26c;119466;2;krasnodar
11;2f955596-4b13-432e-93f3-6433395aafe6;171303;8;lobya
12;99e728ef-b118-477d-95a1-3dab449d2db1;147573;6;moscow
1;9d482f6d-acc5-4130-a0f0-c62c7f882a54;68936;13;krasnodar
2;a984c5b7-ff7e-4647-b84e-ef0b85a2762d;140288;6;lobya
3;e3805ccd-2d64-4d0e-92dd-902293555c35;104724;9;moscow
4;bf51cd89-23ef-4e07-a051-45b9304873ea;166355;7;krasnodar
5;b3dcc4ee-a46b-4ef7-baa5-739f9f50e66d;59232;10;lobya
6;7e07b290-1af6-410e-9d79-028c6f1ca393;64756;15;moscow
7;13b0ef12-237d-4779-970c-4f453e9337a3;81396;10;krasnodar
8;c9f5dffa-0601-40d8-b690-8963a70ab521;30361;11;lobya
9;bb31ccb2-b6b5-4988-93ce-40db66b766a5;132639;1;moscow
10;a6abc21d-5e9e-41db-9552-a942000ed5c2;98032;9;krasnodar
11;14f49722-d88f-4167-9cd9-6eefc2ad0636;168368;4;lobya
12;53f717d2-d16d-4f20-a848-f8c4368f43b4;62574;16;moscow
1;1864bfaa-aba2-4008-bbf1-1707464aabdd;134750;6;krasnodar
2;5d461dd8-56c8-4389-9304-a29c694052d6;58838;12;lobya
3;a990b113-f203-4891-abc8-cefc19ccd557;64905;16;moscow
4;954172a5-634c-4a50-941d-9db6d15a7377;200940;2;krasnodar
5;d1a94032-a484-4d20-bbaf-5409db52b69f;172669;16;lobya
6;c5a58955-4352-4d1c-bb4e-16ca0a94bc6f;46214;13;moscow
7;0946f283-946c-4fc9-b7b0-9c9f73f87acd;89932;12;krasnodar
8;1aa78810-2e40-4e1c-9bd6-77ff59fab9a2;31949;7;lobya
9;b0ae844d-5231-4c02-8c19-a1c92456487d;180025;9;moscow
10;ac6898d0-35d6-47e0-a473-8e4f7878d7cc;178923;1;krasnodar
11;f1a516ce-8d65-47fd-a302-d4e02385c4a1;68504;14;lobya
12;0e26f0b8-0801-4578-8337-40f12a764255;78270;3;moscow
1;834e321d-9056-462f-9dad-541ff73c4fbe;195336;3;krasnodar
2;0ed0e208-f3d2-4df1-b678-2c7a04944f4c;83374;16;lobya
3;7e138378-b60e-4735-a1e6-72bf000cbda1;26905;4;moscow
4;bbb32131-2d92-4c1e-aa28-41723f7bc26c;81711;4;krasnodar
5;2f955596-4b13-432e-93f3-6433395aafe6;81810;3;lobya
6;99e728ef-b118-477d-95a1-3dab449d2db1;98146;15;moscow
7;9d482f6d-acc5-4130-a0f0-c62c7f882a54;113423;8;krasnodar
8;a984c5b7-ff7e-4647-b84e-ef0b85a2762d;176068;2;lobya
9;e3805ccd-2d64-4d0e-92dd-902293555c35;35675;9;moscow
10;bf51cd89-23ef-4e07-a051-45b9304873ea;20418;6;krasnodar
11;b3dcc4ee-a46b-4ef7-baa5-739f9f50e66d;119873;7;lobya
12;7e07b290-1af6-410e-9d79-028c6f1ca393;127088;16;moscow
1;13b0ef12-237d-4779-970c-4f453e9337a3;67206;16;krasnodar
2;c9f5dffa-0601-40d8-b690-8963a70ab521;110679;9;lobya
3;bb31ccb2-b6b5-4988-93ce-40db66b766a5;51072;8;moscow
4;a6abc21d-5e9e-41db-9552-a942000ed5c2;108198;15;krasnodar
5;14f49722-d88f-4167-9cd9-6eefc2ad0636;44016;5;lobya
6;53f717d2-d16d-4f20-a848-f8c4368f43b4;116746;2;moscow
7;1864bfaa-aba2-4008-bbf1-1707464aabdd;25906;6;krasnodar
8;5d461dd8-56c8-4389-9304-a29c694052d6;171571;13;lobya
9;3f25cb2b-1d98-442e-b688-b56eab16f592;61865;5;moscow
10;db5c1840-bdb7-4f2f-8239-2ab779fd9706;94286;6;krasnodar
11;8ffdb1bd-6352-4ecb-8f69-a77df0e5c8bc;138497;9;lobya
12;93c45919-f5a1-4469-a728-cbe4feeba5d6;111132;7;moscow
1;0673033d-8bb9-4d9f-afc9-21f0276a5940;42960;12;krasnodar
2;bcb8e459-21db-4e7d-80f1-3da0bcba4931;92959;6;lobya
3;4ea06f66-0876-4dec-8d14-ea994ffe435f;182888;14;moscow
4;cbf62f2f-32c5-4521-83e2-d34377913db8;179518;1;krasnodar
5;2c56e601-e092-4e20-96f3-0d0abf4d9502;69489;12;lobya
6;86c97bf1-c834-423e-9e38-8acda68f97e8;181439;7;moscow
7;028469c0-9e87-4596-ac2e-c5b1d48ea9b6;21496;8;krasnodar
8;5eac938f-1fbe-45ac-a9f3-efc016e01edc;63737;3;lobya
9;dd8b741a-4493-4498-ad5e-37cb4bd91715;161375;2;moscow
10;7bc6c09e-38d1-4f83-81d7-5af7bd13efe9;115847;7;krasnodar
11;be6152d8-9303-4bd4-8f7f-0b5365f522f3;68964;13;lobya
12;61c5b515-bbff-458d-b539-8d9691ce92c7;20147;9;moscow
1;ac0465fb-27dd-414d-b562-184223927b56;84102;8;krasnodar
2;95755506-fc74-4b5d-b8fe-460fa76de28d;201185;6;lobya
3;baa2d893-381c-4eca-9edc-a02c2b3ecf4a;59027;10;moscow
4;95815113-e6f7-43b5-b536-871f6194570c;41997;8;krasnodar
5;8af95f8f-4dd4-46ef-8572-d52557f274cd;13544;7;lobya
6;caaa3f41-c9ab-4e3d-8b75-94e1d3a8d7b4;89071;4;moscow
7;27a2e4a0-ca2d-49b3-b3bb-3d0e46d023b9;58109;8;krasnodar
8;31e26121-aae6-4615-95d8-608f9a2de0f0;27995;14;lobya
9;64dee1de-8dbf-45df-a800-2f69a42267cd;178806;3;moscow
10;815ce048-1961-42be-ba48-26bb4f654972;202319;3;krasnodar
11;7c09f222-6233-4240-bc6d-a8032bbe2649;146013;10;lobya
12;3da26e41-cc8a-4187-8fc3-6242ce010d86;141432;2;moscow
1;fef19457-5e7b-4d5d-b031-806041bc251a;121763;2;krasnodar
2;78b971d9-a0d5-40a1-8dd1-c3562b88dbc5;189564;13;lobya
3;d20943fa-a048-4198-87a6-6d74896c510d;28039;16;moscow
4;7dc663e1-6ec7-4543-b822-8320c293a4ce;89087;10;krasnodar
5;fba5e196-8533-4805-bca4-6abc919ff10d;59475;3;lobya
6;44ffea7a-58a0-4686-8462-ae33d958ff76;24566;7;moscow
7;74370568-6be2-4415-bb95-ff293f493040;154415;14;krasnodar
8;41b9775c-bc5d-49b2-ae53-4a0d5d850675;184417;8;lobya
9;0f7bcaf7-e055-4183-9953-664558dfea70;187398;7;moscow
10;8da796d9-3c0f-4c50-9e56-9d088a31e664;42605;2;krasnodar
11;e2d5f637-7616-4468-a8e1-34e887c6e496;60152;11;lobya
12;f5b06482-7a1f-4363-b8d3-083eed6c7ce5;186888;8;moscow
1;5be0f4b4-947f-4672-b147-73ef5936ecd4;58953;10;krasnodar
2;c1d41ad2-5466-49e8-bde6-e6b237f158ab;80530;2;lobya
3;04f4acb1-8c6d-4e1c-a960-3fa400d220a7;75259;3;moscow
4;b1ffe573-6986-4e2d-9a93-90e49486902a;80288;2;krasnodar
5;0e26f0b8-0801-4578-8337-40f12a764255;90023;8;moscow
6;834e321d-9056-462f-9dad-541ff73c4fbe;50104;4;krasnodar
7;0ed0e208-f3d2-4df1-b678-2c7a04944f4c;61597;12;lobya
8;7e138378-b60e-4735-a1e6-72bf000cbda1;79979;13;moscow
9;bbb32131-2d92-4c1e-aa28-41723f7bc26c;76306;8;krasnodar
10;2f955596-4b13-432e-93f3-6433395aafe6;9893;13;lobya
11;99e728ef-b118-477d-95a1-3dab449d2db1;80490;10;moscow
12;9d482f6d-acc5-4130-a0f0-c62c7f882a54;87935;7;krasnodar
1;a984c5b7-ff7e-4647-b84e-ef0b85a2762d;143025;12;lobya
2;e3805ccd-2d64-4d0e-92dd-902293555c35;180165;7;moscow
3;bf51cd89-23ef-4e07-a051-45b9304873ea;187272;11;krasnodar
4;b3dcc4ee-a46b-4ef7-baa5-739f9f50e66d;35580;14;lobya
5;7e07b290-1af6-410e-9d79-028c6f1ca393;191678;11;moscow
6;13b0ef12-237d-4779-970c-4f453e9337a3;129349;10;krasnodar
7;c9f5dffa-0601-40d8-b690-8963a70ab521;145700;3;lobya
8;bb31ccb2-b6b5-4988-93ce-40db66b766a5;82761;8;moscow
9;a6abc21d-5e9e-41db-9552-a942000ed5c2;154372;15;krasnodar
10;14f49722-d88f-4167-9cd9-6eefc2ad0636;176413;8;lobya
11;53f717d2-d16d-4f20-a848-f8c4368f43b4;87810;11;moscow
12;1864bfaa-aba2-4008-bbf1-1707464aabdd;204992;9;krasnodar
1;5d461dd8-56c8-4389-9304-a29c694052d6;127445;9;lobya
2;bbf2ccb2-0a35-47e8-bfd1-1e2a41be81c7;184306;8;lobya
3;24c0b355-53e3-428a-b299-e1627b1cdd5c;79527;8;moscow
4;ad7bff9b-c9fd-4aa1-8fc7-7c66fe34fe65;163507;10;krasnodar
5;eb04c06f-bee9-45bd-9392-4addbc54952f;75889;4;lobya
6;e382d4c4-a4c9-44d3-97a0-a8868e122563;102319;3;moscow
7;12b54721-08a5-4d66-8fa4-6084a40ce9e7;56850;7;krasnodar
8;9a3331d6-17df-4a27-b2c5-f6279b1ad707;204059;7;lobya
9;ce0e2f13-d360-4ab5-a970-261d25e770e8;190667;12;moscow
10;9ee920a5-7047-483b-b853-f6d26f5445e0;196168;11;krasnodar
11;76410495-2d14-4477-ae4f-0ddaf5324a16;59272;9;lobya
12;9448c6e3-b7fa-422e-b530-8a302b9e3d75;135416;13;moscow
1;a6fd748e-382a-4135-b1eb-caae2946008c;5906;11;krasnodar
2;265ce785-1b54-4dfa-8772-c64b4ea8e0d1;25842;5;lobya
3;33375310-60ae-4c95-86f4-7bed8d0b3d3e;73782;6;moscow
4;54437eae-ba9f-42fb-8b6f-68920ef12901;204282;13;krasnodar
5;b5874dd2-babd-43a5-9b7a-f39e40fbf78c;30706;5;lobya
6;dd83d927-ca87-4c0e-b20e-25c94579b144;149600;7;moscow
7;09b6f1be-abbf-42b2-bfe0-d71233b3e1e2;43063;3;krasnodar
8;052b23ea-1a8c-4498-b52f-9c4a94a510cd;166729;9;lobya
9;8f7958f8-0cef-443c-ace0-6631abc60883;92457;1;moscow
10;2bd96111-90a9-4a20-80b5-ffc12aea629d;60050;11;krasnodar
11;4531c0a1-bb73-4f15-9f68-3f4abc5c7382;167632;7;lobya
12;d74e4e82-9e90-4eaf-b1d8-9c868e51f56f;106180;14;moscow
1;8bc6abb1-04a5-4b81-8cbd-47388b984d54;37620;12;krasnodar
2;19385fc3-fdc2-41dd-8114-aefa73229132;190764;7;lobya
3;c4e7adc7-8c9a-4e07-8c36-d863910a2fa2;158047;5;moscow
4;506a62d8-54b4-446a-a84b-6be9c48c3dbe;72913;12;krasnodar
5;6103dd99-546e-4800-a283-1cd5fd7a3958;172602;7;lobya
6;16fb6441-59e9-4f1d-adec-690662802698;199069;1;moscow
7;7a2e18fb-df7b-4fcf-b04c-5f8a9a608715;151846;16;krasnodar
8;7cb4592e-39b7-422c-9092-1cd5c5969a92;130260;12;lobya
9;41b9775c-bc5d-49b2-ae53-4a0d5d850675;57471;12;lobya
10;0f7bcaf7-e055-4183-9953-664558dfea70;19937;12;moscow
11;8da796d9-3c0f-4c50-9e56-9d088a31e664;155271;14;krasnodar
12;e2d5f637-7616-4468-a8e1-34e887c6e496;156985;7;lobya
1;f5b06482-7a1f-4363-b8d3-083eed6c7ce5;109485;9;moscow
2;5be0f4b4-947f-4672-b147-73ef5936ecd4;172763;14;krasnodar
3;c1d41ad2-5466-49e8-bde6-e6b237f158ab;101020;4;lobya
4;04f4acb1-8c6d-4e1c-a960-3fa400d220a7;66152;11;moscow
5;b1ffe573-6986-4e2d-9a93-90e49486902a;102860;3;krasnodar
6;0e26f0b8-0801-4578-8337-40f12a764255;99520;16;moscow
7;834e321d-9056-462f-9dad-541ff73c4fbe;67064;11;krasnodar
8;0ed0e208-f3d2-4df1-b678-2c7a04944f4c;193138;12;lobya
9;7e138378-b60e-4735-a1e6-72bf000cbda1;16522;14;moscow
10;bbb32131-2d92-4c1e-aa28-41723f7bc26c;84863;2;krasnodar
11;2f955596-4b13-432e-93f3-6433395aafe6;106238;13;lobya
12;99e728ef-b118-477d-95a1-3dab449d2db1;164403;9;moscow
1;9d482f6d-acc5-4130-a0f0-c62c7f882a54;75949;6;krasnodar
2;a984c5b7-ff7e-4647-b84e-ef0b85a2762d;52110;7;lobya
3;e3805ccd-2d64-4d0e-92dd-902293555c35;167576;11;moscow
4;bf51cd89-23ef-4e07-a051-45b9304873ea;23103;14;krasnodar
5;b3dcc4ee-a46b-4ef7-baa5-739f9f50e66d;43989;4;lobya
6;7e07b290-1af6-410e-9d79-028c6f1ca393;44516;5;moscow
7;13b0ef12-237d-4779-970c-4f453e9337a3;90824;13;krasnodar
8;c9f5dffa-0601-40d8-b690-8963a70ab521;138404;8;lobya
9;bb31ccb2-b6b5-4988-93ce-40db66b766a5;20242;14;moscow
10;a6abc21d-5e9e-41db-9552-a942000ed5c2;73782;5;krasnodar
11;14f49722-d88f-4167-9cd9-6eefc2ad0636;204282;7;lobya
12;53f717d2-d16d-4f20-a848-f8c4368f43b4;30706;16;moscow
1;1864bfaa-aba2-4008-bbf1-1707464aabdd;149600;7;krasnodar
2;5d461dd8-56c8-4389-9304-a29c694052d6;43063;4;lobya
3;bbf2ccb2-0a35-47e8-bfd1-1e2a41be81c7;166729;6;lobya
4;24c0b355-53e3-428a-b299-e1627b1cdd5c;92457;8;moscow
5;ad7bff9b-c9fd-4aa1-8fc7-7c66fe34fe65;60050;11;krasnodar
6;eb04c06f-bee9-45bd-9392-4addbc54952f;167632;14;lobya
7;e382d4c4-a4c9-44d3-97a0-a8868e122563;106180;6;moscow
8;12b54721-08a5-4d66-8fa4-6084a40ce9e7;37620;2;krasnodar
9;9a3331d6-17df-4a27-b2c5-f6279b1ad707;190764;10;lobya
10;ce0e2f13-d360-4ab5-a970-261d25e770e8;158047;13;moscow
11;9ee920a5-7047-483b-b853-f6d26f5445e0;72913;11;krasnodar
12;76410495-2d14-4477-ae4f-0ddaf5324a16;172602;7;lobya
1;9448c6e3-b7fa-422e-b530-8a302b9e3d75;199069;12;moscow
2;a6fd748e-382a-4135-b1eb-caae2946008c;151846;13;krasnodar
3;265ce785-1b54-4dfa-8772-c64b4ea8e0d1;130260;12;lobya
4;33375310-60ae-4c95-86f4-7bed8d0b3d3e;57471;8;moscow
5;54437eae-ba9f-42fb-8b6f-68920ef12901;19937;14;krasnodar
6;b5874dd2-babd-43a5-9b7a-f39e40fbf78c;155271;8;lobya
7;dd83d927-ca87-4c0e-b20e-25c94579b144;156985;14;moscow
8;09b6f1be-abbf-42b2-bfe0-d71233b3e1e2;109485;9;krasnodar
9;052b23ea-1a8c-4498-b52f-9c4a94a510cd;172763;5;lobya
10;8f7958f8-0cef-443c-ace0-6631abc60883;101020;6;moscow
11;2bd96111-90a9-4a20-80b5-ffc12aea629d;66152;6;krasnodar
12;4531c0a1-bb73-4f15-9f68-3f4abc5c7382;102860;7;lobya
1;d74e4e82-9e90-4eaf-b1d8-9c868e51f56f;99520;8;moscow
2;8bc6abb1-04a5-4b81-8cbd-47388b984d54;67064;10;krasnodar
3;19385fc3-fdc2-41dd-8114-aefa73229132;193138;10;lobya
4;95d6ad00-1c3a-492d-82d7-40a482334a6e;16522;8;moscow
5;891e6493-d7eb-4ac3-8e02-af9e769bf599;84863;14;krasnodar
6;ae650a78-e75a-4c2f-bd3c-21fdd23464f0;106238;15;lobya
7;245d92ab-dd66-4afe-a9b2-40c1775d3dd1;164403;1;moscow
8;d247211c-d16b-43ba-812d-6a27aff31871;73782;15;krasnodar
9;ea2f8025-bbf5-40e3-9fb4-2aa0028a49d8;204282;14;lobya
10;64afa7dd-3de6-4523-bf08-ea7dc16e02ed;30706;4;moscow
11;d5f66ed0-44c2-4147-9d25-313312a23cba;149600;16;krasnodar
12;4e7a2cae-1fd5-4710-b2a5-200685fc85aa;43063;5;lobya
1;33073162-2f17-4d0a-8e33-3634795ed555;166729;12;moscow
2;58a4c3cc-504f-43ea-a74a-bae19e665552;92457;8;krasnodar
3;4dde5428-a8c3-4547-a828-427734519307;60050;6;lobya
4;4d416cec-6f5b-4444-9b50-08770397714b;167632;2;moscow
5;17a37fc5-4b01-4cb9-af2d-d4c89d122135;106180;7;krasnodar
6;0663dccc-7ca4-48ec-8eef-a3cae84ec407;37620;13;lobya
7;a83b36dd-1906-4e1f-8387-5c38fcf76a10;190764;7;moscow
8;34b2bf7d-7cd8-4aba-909d-396655d77f7e;158047;10;krasnodar
9;06f64a2f-e4bb-452b-93dc-dfc64cc8db43;72913;2;lobya
10;364754b9-56fd-49b5-b6fb-d1fca7ca82f9;172602;1;moscow
11;eb6521ae-56e3-4a72-9ea2-e9c69701ff3f;199069;4;krasnodar
12;4bd9d82b-9942-4ad6-b6e6-b22c84353848;151846;15;lobya
1;fd81297f-0495-4045-be04-d65061ab5e98;130260;6;moscow
2;da9935fd-30de-45f9-a87e-e954a391ee2b;57471;16;krasnodar
3;5a47c305-d92a-448e-a68d-471a5da9eb05;19937;13;lobya
4;74b9458b-8464-42bd-bd25-a09df27e7124;155271;7;moscow
5;079ae16b-f498-4cca-bd1b-2919cb650c3a;156985;7;krasnodar
6;0982f6b9-328f-4a67-b7ee-cd0a114868f0;109485;15;lobya
7;ea4043a9-1864-430a-9b4c-d8286915bf10;172763;4;moscow
8;3b21f626-e3f2-41c0-9b20-614c95bb4fa4;101020;4;krasnodar
9;7f0b1b68-7569-41f9-9d5f-28d7e1905f44;66152;8;lobya
10;10b8dc5a-0332-4286-8e80-97f197cbc84e;102860;12;moscow
11;6da7e5e8-060b-4116-91ef-015b33965d68;99520;16;krasnodar
12;f71a41ab-df06-4c9f-a4bf-474e368a40d2;67064;7;lobya
1;3d573784-59f3-49d3-b7ba-65a2e7d55f14;193138;1;moscow
2;ecefadc1-e7f3-4026-a5e7-1cf00195148b;16522;7;krasnodar
3;631c5729-d163-4270-8956-4d9832085d0e;84863;9;lobya
4;aa38e2e1-6da6-4f43-aa13-ed0210ea321c;106238;14;moscow
5;ef770989-4e4d-4f29-be2a-f7834846a483;164403;8;krasnodar
6;222db8e4-4107-4122-b691-5bcf53d2a9f5;73782;8;lobya
7;63c441c2-7435-42c0-b359-b516f8bec40d;204282;6;moscow
8;f420bf6d-9985-47bc-95a7-5c640ad6d001;30706;2;krasnodar
9;1aecd6cc-ad83-4136-9124-061918ffbd36;149600;4;lobya
10;fb2f95f0-1f30-4e6a-a75c-92d1e2d341e3;43063;7;moscow
11;5518a551-5c26-466e-9c7a-335058203480;166729;1;krasnodar
12;0844991c-97be-4cbc-ba1a-af2eaaf896a2;92457;3;lobya
1;465e0391-6992-45a9-97a8-c13ac43c165c;60050;14;moscow
2;9bb635d5-557c-442f-9dc7-9b2bd25a05f0;167632;14;krasnodar
3;2bd96111-90a9-4a20-80b5-ffc12aea629d;106180;11;krasnodar
4;4531c0a1-bb73-4f15-9f68-3f4abc5c7382;37620;13;lobya
5;d74e4e82-9e90-4eaf-b1d8-9c868e51f56f;190764;8;moscow
6;8bc6abb1-04a5-4b81-8cbd-47388b984d54;158047;4;krasnodar
7;19385fc3-fdc2-41dd-8114-aefa73229132;72913;6;lobya
8;95d6ad00-1c3a-492d-82d7-40a482334a6e;172602;7;moscow
9;891e6493-d7eb-4ac3-8e02-af9e769bf599;199069;4;krasnodar
10;ae650a78-e75a-4c2f-bd3c-21fdd23464f0;151846;6;lobya
11;245d92ab-dd66-4afe-a9b2-40c1775d3dd1;130260;16;moscow
12;d247211c-d16b-43ba-812d-6a27aff31871;57471;15;krasnodar
1;ea2f8025-bbf5-40e3-9fb4-2aa0028a49d8;19937;12;lobya
2;64afa7dd-3de6-4523-bf08-ea7dc16e02ed;155271;8;moscow
3;d5f66ed0-44c2-4147-9d25-313312a23cba;156985;7;krasnodar
4;4e7a2cae-1fd5-4710-b2a5-200685fc85aa;109485;3;lobya
5;33073162-2f17-4d0a-8e33-3634795ed555;172763;9;moscow
6;58a4c3cc-504f-43ea-a74a-bae19e665552;101020;13;krasnodar
7;4dde5428-a8c3-4547-a828-427734519307;66152;5;lobya
8;4d416cec-6f5b-4444-9b50-08770397714b;102860;12;moscow
9;17a37fc5-4b01-4cb9-af2d-d4c89d122135;99520;11;krasnodar
10;0663dccc-7ca4-48ec-8eef-a3cae84ec407;67064;16;lobya
11;a83b36dd-1906-4e1f-8387-5c38fcf76a10;193138;11;moscow
12;34b2bf7d-7cd8-4aba-909d-396655d77f7e;16522;2;krasnodar
1;06f64a2f-e4bb-452b-93dc-dfc64cc8db43;84863;10;lobya
2;364754b9-56fd-49b5-b6fb-d1fca7ca82f9;106238;4;moscow
3;eb6521ae-56e3-4a72-9ea2-e9c69701ff3f;164403;4;krasnodar
4;4bd9d82b-9942-4ad6-b6e6-b22c84353848;64104;7;lobya
5;fd81297f-0495-4045-be04-d65061ab5e98;56043;4;moscow
6;da9935fd-30de-45f9-a87e-e954a391ee2b;136970;4;krasnodar
7;5a47c305-d92a-448e-a68d-471a5da9eb05;97455;15;lobya
8;74b9458b-8464-42bd-bd25-a09df27e7124;23158;3;moscow
9;079ae16b-f498-4cca-bd1b-2919cb650c3a;147416;8;krasnodar
10;0982f6b9-328f-4a67-b7ee-cd0a114868f0;169285;3;lobya
11;ea4043a9-1864-430a-9b4c-d8286915bf10;16148;9;moscow
12;3b21f626-e3f2-41c0-9b20-614c95bb4fa4;47002;8;krasnodar
1;7f0b1b68-7569-41f9-9d5f-28d7e1905f44;62115;5;lobya
2;10b8dc5a-0332-4286-8e80-97f197cbc84e;180144;1;moscow
3;6da7e5e8-060b-4116-91ef-015b33965d68;174152;7;krasnodar
4;f71a41ab-df06-4c9f-a4bf-474e368a40d2;40144;11;lobya
5;3d573784-59f3-49d3-b7ba-65a2e7d55f14;68741;13;moscow
6;ecefadc1-e7f3-4026-a5e7-1cf00195148b;192779;2;krasnodar
7;631c5729-d163-4270-8956-4d9832085d0e;6897;16;lobya
8;aa38e2e1-6da6-4f43-aa13-ed0210ea321c;62175;13;moscow
9;ef770989-4e4d-4f29-be2a-f7834846a483;113332;11;krasnodar
10;222db8e4-4107-4122-b691-5bcf53d2a9f5;120160;4;lobya
11;63c441c2-7435-42c0-b359-b516f8bec40d;97593;14;moscow
12;8eff5b5c-750a-4d7e-ac93-16e87fae5ba6;8539;9;lobya
1;be1ed9d8-1e0c-46cb-afec-8162f7b13df8;185250;13;moscow
2;5d04584e-4920-42ad-9f26-02a5c360feca;39205;15;krasnodar
3;5d566073-92e8-41d1-a2e6-d301ee5ab6d8;38455;1;lobya
4;8cff7e6d-6875-44d0-9937-9b7d380faecd;33309;16;moscow
5;004d24e9-4a6c-4d0e-8727-8391dfd4b43a;154251;11;krasnodar
6;a0cfee58-2e99-47ae-9e57-aa1cfaaf70b0;167770;9;lobya
7;2bd96111-90a9-4a20-80b5-ffc12aea629d;18715;6;krasnodar
8;4531c0a1-bb73-4f15-9f68-3f4abc5c7382;192808;2;lobya
9;d74e4e82-9e90-4eaf-b1d8-9c868e51f56f;129052;12;moscow
10;8bc6abb1-04a5-4b81-8cbd-47388b984d54;80540;16;krasnodar
11;19385fc3-fdc2-41dd-8114-aefa73229132;137594;13;lobya
12;95d6ad00-1c3a-492d-82d7-40a482334a6e;58230;6;moscow
1;891e6493-d7eb-4ac3-8e02-af9e769bf599;17580;1;krasnodar
2;ae650a78-e75a-4c2f-bd3c-21fdd23464f0;74139;6;lobya
3;245d92ab-dd66-4afe-a9b2-40c1775d3dd1;188709;2;moscow
4;d247211c-d16b-43ba-812d-6a27aff31871;64685;13;krasnodar
5;ea2f8025-bbf5-40e3-9fb4-2aa0028a49d8;183167;9;lobya
6;64afa7dd-3de6-4523-bf08-ea7dc16e02ed;53405;13;moscow
7;d5f66ed0-44c2-4147-9d25-313312a23cba;158524;15;krasnodar
8;4e7a2cae-1fd5-4710-b2a5-200685fc85aa;154290;12;lobya
9;33073162-2f17-4d0a-8e33-3634795ed555;128104;1;moscow
10;58a4c3cc-504f-43ea-a74a-bae19e665552;108036;5;krasnodar
11;4dde5428-a8c3-4547-a828-427734519307;128920;6;lobya
12;4d416cec-6f5b-4444-9b50-08770397714b;74070;5;moscow
1;17a37fc5-4b01-4cb9-af2d-d4c89d122135;201705;14;krasnodar
2;0663dccc-7ca4-48ec-8eef-a3cae84ec407;81965;2;lobya
3;a83b36dd-1906-4e1f-8387-5c38fcf76a10;179284;7;moscow
4;34b2bf7d-7cd8-4aba-909d-396655d77f7e;18795;7;krasnodar
5;06f64a2f-e4bb-452b-93dc-dfc64cc8db43;31344;6;lobya
6;364754b9-56fd-49b5-b6fb-d1fca7ca82f9;58456;3;moscow
7;eb6521ae-56e3-4a72-9ea2-e9c69701ff3f;130793;13;krasnodar
8;4bd9d82b-9942-4ad6-b6e6-b22c84353848;161282;10;lobya
9;fd81297f-0495-4045-be04-d65061ab5e98;56777;10;moscow
10;da9935fd-30de-45f9-a87e-e954a391ee2b;39552;5;krasnodar
11;5a47c305-d92a-448e-a68d-471a5da9eb05;58947;9;lobya
12;74b9458b-8464-42bd-bd25-a09df27e7124;60162;11;moscow
1;079ae16b-f498-4cca-bd1b-2919cb650c3a;34338;7;krasnodar
2;0982f6b9-328f-4a67-b7ee-cd0a114868f0;57483;3;lobya
3;ea4043a9-1864-430a-9b4c-d8286915bf10;44048;2;moscow
4;3b21f626-e3f2-41c0-9b20-614c95bb4fa4;17754;16;krasnodar
5;7f0b1b68-7569-41f9-9d5f-28d7e1905f44;18763;1;lobya
6;10b8dc5a-0332-4286-8e80-97f197cbc84e;115218;10;moscow
7;6da7e5e8-060b-4116-91ef-015b33965d68;31940;10;krasnodar
8;f71a41ab-df06-4c9f-a4bf-474e368a40d2;143317;2;lobya
9;3d573784-59f3-49d3-b7ba-65a2e7d55f14;80191;4;moscow
10;ecefadc1-e7f3-4026-a5e7-1cf00195148b;182903;13;krasnodar
11;631c5729-d163-4270-8956-4d9832085d0e;9025;16;lobya
12;aa38e2e1-6da6-4f43-aa13-ed0210ea321c;96328;2;moscow
1;ef770989-4e4d-4f29-be2a-f7834846a483;166216;7;krasnodar
2;222db8e4-4107-4122-b691-5bcf53d2a9f5;151912;13;lobya
3;63c441c2-7435-42c0-b359-b516f8bec40d;141924;15;moscow
4;d7bed80e-6192-4cbe-8cef-fb1cb292d51c;189545;14;moscow
5;5375ad01-5d2e-425e-95bb-e83d2f9f47cf;137133;9;krasnodar
6;2ac8ca9c-97a5-45ab-b227-f9a2e276b475;114424;5;lobya
7;282d20b5-8d00-424f-b339-7adf6c7c16d1;146910;15;moscow
8;3bec2677-1f86-4f83-8076-c7db726032d0;198249;15;krasnodar
9;a4475003-d39f-4d68-a289-8c63d697cde4;107001;2;lobya
10;c42ba183-9dfe-4b9b-a572-3624973eab54;45572;16;moscow
11;674ae431-43b3-448f-a2b2-803682fddf69;132266;1;krasnodar
12;6a087991-1301-470a-82c4-7df67e38ae1e;33176;14;lobya
1;64df0b14-88d2-498a-a3b7-f256b0508e82;57498;1;moscow
2;677b421a-944a-485c-89a8-7c961e68523e;24571;3;krasnodar
3;5ec85e49-1721-4398-8a1f-636ca03df853;173848;8;lobya
4;c3e67a34-7b23-4fba-aefd-265fa2957b38;167067;11;moscow
5;57659817-b1c5-4eea-8d0a-a8bdc1770022;86718;14;krasnodar
6;3a2b92b8-e0a4-4009-a8ac-15c9520d9615;184612;11;lobya
7;673d44a3-9cec-4c2f-b0c6-9be4952ddc7c;180940;15;moscow
8;ee7b0dfe-3cec-4200-907d-765ef791e536;199543;5;krasnodar
9;3d6dc30a-7d45-45d2-b2ce-1446c7e59d79;146385;10;lobya
10;2ca9fdc6-cdfe-4695-8ce3-f564c4bd9018;165862;7;moscow
11;a58e9582-22fd-4aa4-9faa-e4df080db7fd;19927;1;krasnodar
12;f909dc01-f7f6-4217-a842-958e0d06c9f4;204539;1;lobya
1;45b6424e-3786-491b-8ea7-0509093c13b3;190163;13;moscow
2;62952c5b-e5ef-4009-a2f9-1ebff401c514;20666;15;krasnodar
3;54df6e98-81b0-45e1-9878-53d0a59c65d4;96068;7;lobya
4;d7e993fe-b99e-411a-8dcb-f6abaf50a2a2;59835;10;moscow
5;7965b1a6-daa6-4e85-8dc6-b70913ab0c2d;87879;11;krasnodar
6;2bd96111-90a9-4a20-80b5-ffc12aea629d;76479;9;krasnodar
7;4531c0a1-bb73-4f15-9f68-3f4abc5c7382;134090;8;lobya
8;d74e4e82-9e90-4eaf-b1d8-9c868e51f56f;23824;6;moscow
9;8bc6abb1-04a5-4b81-8cbd-47388b984d54;75257;1;krasnodar
10;19385fc3-fdc2-41dd-8114-aefa73229132;131565;12;lobya
11;95d6ad00-1c3a-492d-82d7-40a482334a6e;200555;12;moscow
12;891e6493-d7eb-4ac3-8e02-af9e769bf599;12941;10;krasnodar
1;ae650a78-e75a-4c2f-bd3c-21fdd23464f0;76234;5;lobya
2;245d92ab-dd66-4afe-a9b2-40c1775d3dd1;133807;1;moscow
3;d247211c-d16b-43ba-812d-6a27aff31871;125160;12;krasnodar
4;ea2f8025-bbf5-40e3-9fb4-2aa0028a49d8;169514;16;lobya
5;64afa7dd-3de6-4523-bf08-ea7dc16e02ed;49831;3;moscow
6;d5f66ed0-44c2-4147-9d25-313312a23cba;31076;4;krasnodar
7;4e7a2cae-1fd5-4710-b2a5-200685fc85aa;182369;2;lobya
8;33073162-2f17-4d0a-8e33-3634795ed555;87912;7;moscow
9;58a4c3cc-504f-43ea-a74a-bae19e665552;131694;12;krasnodar
10;4dde5428-a8c3-4547-a828-427734519307;60728;5;lobya
11;4d416cec-6f5b-4444-9b50-08770397714b;26126;8;moscow
12;17a37fc5-4b01-4cb9-af2d-d4c89d122135;129229;6;krasnodar
1;0663dccc-7ca4-48ec-8eef-a3cae84ec407;192093;15;lobya
2;a83b36dd-1906-4e1f-8387-5c38fcf76a10;11582;16;moscow
3;34b2bf7d-7cd8-4aba-909d-396655d77f7e;74403;3;krasnodar
4;06f64a2f-e4bb-452b-93dc-dfc64cc8db43;18633;14;lobya
5;364754b9-56fd-49b5-b6fb-d1fca7ca82f9;165083;8;moscow
6;eb6521ae-56e3-4a72-9ea2-e9c69701ff3f;93156;6;krasnodar
7;4bd9d82b-9942-4ad6-b6e6-b22c84353848;159889;12;lobya
8;fd81297f-0495-4045-be04-d65061ab5e98;50090;2;moscow
9;da9935fd-30de-45f9-a87e-e954a391ee2b;112947;11;krasnodar
10;5a47c305-d92a-448e-a68d-471a5da9eb05;165586;6;lobya
11;74b9458b-8464-42bd-bd25-a09df27e7124;86354;10;moscow
12;079ae16b-f498-4cca-bd1b-2919cb650c3a;150021;11;krasnodar
1;0982f6b9-328f-4a67-b7ee-cd0a114868f0;58171;8;lobya
2;ea4043a9-1864-430a-9b4c-d8286915bf10;43806;5;moscow
3;3b21f626-e3f2-41c0-9b20-614c95bb4fa4;33348;5;krasnodar
4;7f0b1b68-7569-41f9-9d5f-28d7e1905f44;180758;13;lobya
5;10b8dc5a-0332-4286-8e80-97f197cbc84e;108112;5;moscow
6;6da7e5e8-060b-4116-91ef-015b33965d68;14447;1;krasnodar
7;f71a41ab-df06-4c9f-a4bf-474e368a40d2;118243;4;lobya
8;3d573784-59f3-49d3-b7ba-65a2e7d55f14;184406;7;moscow
9;ecefadc1-e7f3-4026-a5e7-1cf00195148b;123744;12;krasnodar
10;631c5729-d163-4270-8956-4d9832085d0e;36278;8;lobya
11;aa38e2e1-6da6-4f43-aa13-ed0210ea321c;93714;9;moscow
12;ef770989-4e4d-4f29-be2a-f7834846a483;9050;16;krasnodar
1;222db8e4-4107-4122-b691-5bcf53d2a9f5;125848;2;lobya
2;63c441c2-7435-42c0-b359-b516f8bec40d;32741;12;moscow
3;f3dfe740-5c44-45ed-98ee-97835c4769e9;37159;6;lobya
4;0655a313-acda-44ee-87dc-5477b47742e6;11064;5;moscow
5;df0ca4d7-34b7-40ba-a3b7-f7ed82c07220;85557;6;krasnodar
6;b8435301-8737-46c2-8db0-02a0570f0971;183517;2;lobya
7;9c80aaa0-ddf0-4af1-87ba-712b0b069e34;63120;9;moscow
8;2c4e688d-08ea-4e1e-b0c2-11e873c35236;159055;5;krasnodar
9;dc9eeb94-819e-46a0-9f40-28562193626b;182265;16;lobya
10;f155058a-f36b-48fb-be00-18108458a6a3;132068;11;moscow
11;8053c163-94d3-4341-b04e-2d30273c6e21;172928;10;krasnodar
12;2634034a-dfec-4aad-8a5d-e375fc8b3ae5;90459;15;lobya
1;0fd54b5f-2073-46b6-90e5-288222d07408;135982;3;moscow
2;2bd96111-90a9-4a20-80b5-ffc12aea629d;177212;12;krasnodar
3;4531c0a1-bb73-4f15-9f68-3f4abc5c7382;64918;8;lobya
4;d74e4e82-9e90-4eaf-b1d8-9c868e51f56f;34402;6;moscow
5;8bc6abb1-04a5-4b81-8cbd-47388b984d54;133735;10;krasnodar
6;19385fc3-fdc2-41dd-8114-aefa73229132;28260;10;lobya
7;95d6ad00-1c3a-492d-82d7-40a482334a6e;135023;2;moscow
8;891e6493-d7eb-4ac3-8e02-af9e769bf599;77544;5;krasnodar
9;ae650a78-e75a-4c2f-bd3c-21fdd23464f0;161276;9;lobya
10;245d92ab-dd66-4afe-a9b2-40c1775d3dd1;189297;9;moscow
11;d247211c-d16b-43ba-812d-6a27aff31871;151999;14;krasnodar
12;ea2f8025-bbf5-40e3-9fb4-2aa0028a49d8;18462;15;lobya
1;64afa7dd-3de6-4523-bf08-ea7dc16e02ed;149152;9;moscow
2;d5f66ed0-44c2-4147-9d25-313312a23cba;28788;8;krasnodar
3;4e7a2cae-1fd5-4710-b2a5-200685fc85aa;164809;11;lobya
4;33073162-2f17-4d0a-8e33-3634795ed555;63064;9;moscow
5;58a4c3cc-504f-43ea-a74a-bae19e665552;41587;10;krasnodar
6;4dde5428-a8c3-4547-a828-427734519307;135240;12;lobya
7;4d416cec-6f5b-4444-9b50-08770397714b;141576;12;moscow
8;17a37fc5-4b01-4cb9-af2d-d4c89d122135;102757;5;krasnodar
9;0663dccc-7ca4-48ec-8eef-a3cae84ec407;190296;15;lobya
10;a83b36dd-1906-4e1f-8387-5c38fcf76a10;66782;13;moscow
11;34b2bf7d-7cd8-4aba-909d-396655d77f7e;180752;2;krasnodar
12;06f64a2f-e4bb-452b-93dc-dfc64cc8db43;149895;7;lobya
1;364754b9-56fd-49b5-b6fb-d1fca7ca82f9;123570;13;moscow
2;eb6521ae-56e3-4a72-9ea2-e9c69701ff3f;94666;7;krasnodar
3;4bd9d82b-9942-4ad6-b6e6-b22c84353848;13942;9;lobya
4;fd81297f-0495-4045-be04-d65061ab5e98;30907;12;moscow
5;da9935fd-30de-45f9-a87e-e954a391ee2b;69342;8;krasnodar
6;5a47c305-d92a-448e-a68d-471a5da9eb05;87051;3;lobya
7;74b9458b-8464-42bd-bd25-a09df27e7124;112096;10;moscow
8;079ae16b-f498-4cca-bd1b-2919cb650c3a;89901;3;krasnodar
9;0982f6b9-328f-4a67-b7ee-cd0a114868f0;139394;5;lobya
10;ea4043a9-1864-430a-9b4c-d8286915bf10;103346;3;moscow
11;3b21f626-e3f2-41c0-9b20-614c95bb4fa4;202990;3;krasnodar
12;7f0b1b68-7569-41f9-9d5f-28d7e1905f44;154323;14;lobya
1;10b8dc5a-0332-4286-8e80-97f197cbc84e;181376;16;moscow
2;6da7e5e8-060b-4116-91ef-015b33965d68;137162;3;krasnodar
3;f71a41ab-df06-4c9f-a4bf-474e368a40d2;199796;3;lobya
4;3d573784-59f3-49d3-b7ba-65a2e7d55f14;98147;16;moscow
5;ecefadc1-e7f3-4026-a5e7-1cf00195148b;41829;6;krasnodar
6;631c5729-d163-4270-8956-4d9832085d0e;165612;2;lobya
7;aa38e2e1-6da6-4f43-aa13-ed0210ea321c;52654;9;moscow
8;ef770989-4e4d-4f29-be2a-f7834846a483;169920;2;krasnodar
9;222db8e4-4107-4122-b691-5bcf53d2a9f5;7782;8;lobya
10;63c441c2-7435-42c0-b359-b516f8bec40d;21975;8;moscow
11;74b08ab4-16e9-4d83-9c31-acfc9d229bc5;95395;6;krasnodar
12;ba82101c-f638-4f89-a7da-35875c710a79;192442;3;lobya
1;4a132105-fd5c-46a0-b1d4-6af924fb56cf;47100;14;moscow
2;ec56668f-73aa-47d3-86c5-35cb125c056b;159199;13;krasnodar
3;eb8a6adb-9211-4973-97c4-85f4f2695363;163115;9;lobya
4;28752219-4984-4be5-9892-0114068c6b61;55082;1;moscow
5;bedb3924-1a4c-4433-9e1b-748131aabced;182667;15;krasnodar
6;ee0306c8-a02c-488f-8aac-91177ef8dff3;163204;2;lobya
7;353d3da0-5399-4939-a860-a0e0849446dc;156328;12;moscow
8;64af8299-010a-46f1-b601-b21493023826;86175;16;krasnodar
9;0e233dc5-a5c6-4c4d-9ee7-dec5d93cdf57;198008;11;lobya
10;adbb375f-0f2e-47ad-84ed-9ae19a7edc57;70656;15;moscow
11;f124b272-34bb-4354-a514-8c918dbd2204;101144;7;krasnodar
12;4a7fe822-c617-460a-a477-33be987babbf;63024;5;lobya
1;1c5e4241-98e4-496b-b816-542c08ae39bc;133250;16;moscow
2;d485640b-2102-4622-bbe0-94151f534609;73095;2;krasnodar
3;2bd96111-90a9-4a20-80b5-ffc12aea629d;196976;14;krasnodar
4;4531c0a1-bb73-4f15-9f68-3f4abc5c7382;131343;6;lobya
5;d74e4e82-9e90-4eaf-b1d8-9c868e51f56f;6280;13;moscow
6;8bc6abb1-04a5-4b81-8cbd-47388b984d54;13151;14;krasnodar
7;19385fc3-fdc2-41dd-8114-aefa73229132;56874;6;lobya
8;95d6ad00-1c3a-492d-82d7-40a482334a6e;189444;13;moscow
9;891e6493-d7eb-4ac3-8e02-af9e769bf599;89344;15;krasnodar
10;ae650a78-e75a-4c2f-bd3c-21fdd23464f0;65653;6;lobya
11;245d92ab-dd66-4afe-a9b2-40c1775d3dd1;45334;13;moscow
12;d247211c-d16b-43ba-812d-6a27aff31871;157246;4;krasnodar
1;ea2f8025-bbf5-40e3-9fb4-2aa0028a49d8;140389;1;lobya
2;64afa7dd-3de6-4523-bf08-ea7dc16e02ed;168819;2;moscow
3;d5f66ed0-44c2-4147-9d25-313312a23cba;117291;10;krasnodar
4;4e7a2cae-1fd5-4710-b2a5-200685fc85aa;194809;7;lobya
5;33073162-2f17-4d0a-8e33-3634795ed555;28217;16;moscow
6;58a4c3cc-504f-43ea-a74a-bae19e665552;32408;9;krasnodar
7;4dde5428-a8c3-4547-a828-427734519307;87416;7;lobya
8;4d416cec-6f5b-4444-9b50-08770397714b;11133;15;moscow
9;17a37fc5-4b01-4cb9-af2d-d4c89d122135;200856;16;krasnodar
10;0663dccc-7ca4-48ec-8eef-a3cae84ec407;104548;3;lobya
11;a83b36dd-1906-4e1f-8387-5c38fcf76a10;102481;15;moscow
12;34b2bf7d-7cd8-4aba-909d-396655d77f7e;69870;2;krasnodar
1;06f64a2f-e4bb-452b-93dc-dfc64cc8db43;58492;11;lobya
2;364754b9-56fd-49b5-b6fb-d1fca7ca82f9;17654;2;moscow
3;eb6521ae-56e3-4a72-9ea2-e9c69701ff3f;13866;9;krasnodar
4;4bd9d82b-9942-4ad6-b6e6-b22c84353848;113861;4;lobya
5;fd81297f-0495-4045-be04-d65061ab5e98;82353;15;moscow
6;da9935fd-30de-45f9-a87e-e954a391ee2b;54217;8;krasnodar
7;5a47c305-d92a-448e-a68d-471a5da9eb05;105649;15;lobya
8;74b9458b-8464-42bd-bd25-a09df27e7124;148885;6;moscow
9;079ae16b-f498-4cca-bd1b-2919cb650c3a;182276;4;krasnodar
10;0982f6b9-328f-4a67-b7ee-cd0a114868f0;171474;1;lobya
11;ea4043a9-1864-430a-9b4c-d8286915bf10;107358;2;moscow
12;3b21f626-e3f2-41c0-9b20-614c95bb4fa4;165956;13;krasnodar
1;7f0b1b68-7569-41f9-9d5f-28d7e1905f44;160199;9;lobya
2;10b8dc5a-0332-4286-8e80-97f197cbc84e;111947;10;moscow
3;6da7e5e8-060b-4116-91ef-015b33965d68;114105;11;krasnodar
4;f71a41ab-df06-4c9f-a4bf-474e368a40d2;160829;3;lobya
5;3d573784-59f3-49d3-b7ba-65a2e7d55f14;93741;12;moscow
6;ecefadc1-e7f3-4026-a5e7-1cf00195148b;130218;14;krasnodar
7;631c5729-d163-4270-8956-4d9832085d0e;190253;5;lobya
8;aa38e2e1-6da6-4f43-aa13-ed0210ea321c;31401;13;moscow
9;ef770989-4e4d-4f29-be2a-f7834846a483;61419;1;krasnodar
10;222db8e4-4107-4122-b691-5bcf53d2a9f5;177275;8;lobya
11;63c441c2-7435-42c0-b359-b516f8bec40d;94076;11;moscow
12;a341edb8-9b67-4292-b81a-a0675d25e4fe;137343;6;lobya
1;075873aa-644c-4a09-9253-204f3156ac7b;12274;15;moscow
2;cb02080c-f178-45aa-a712-b3fd68aa15e1;197310;16;krasnodar
3;1d585309-5bd1-40f4-8867-3d3c448b9ad6;16435;10;lobya
4;7984e329-7bbf-4c36-9b98-c5f88feebd43;178719;13;moscow
5;7e5a2981-f529-45c5-a1db-d645a61b356b;72934;1;krasnodar
6;d5cc0464-6c8f-4365-98cf-045076a6f7ee;188272;3;lobya
7;d208bd90-2a01-4566-99d8-73ecb73da35f;41429;7;moscow
8;3b2e7ead-3582-43bc-807e-4486f6511c47;190549;14;krasnodar
9;af0137a7-516b-4822-923b-404ba5517c92;39083;13;lobya
10;ad651f5b-898d-4823-a783-2a44e79b4d8c;173792;7;moscow
11;5fbef2cd-070e-4fc0-99ae-d7b65d7feb71;152935;12;krasnodar
12;77b1f802-cb26-4401-ab2f-e7711b617ffd;193921;13;lobya
1;036edc2c-d0ad-4c71-99f6-226db1b883f4;5947;3;moscow
2;e53dff6a-1b9c-4190-8fb0-989ed11fd94c;126048;4;krasnodar
3;ddb86b65-1c31-4ca4-9919-54660298227c;96305;4;lobya
4;b2167c74-31df-4c96-8325-ab86dcd23c20;60755;14;moscow
5;c1e287fb-74dd-41e7-83d2-b118c083244a;177439;6;krasnodar
6;8873db66-5ccd-47a5-b2c3-a7da4e6cedbb;30542;12;lobya
7;24e8d333-ba61-4296-84b3-2ea572dfd6cd;38003;12;moscow
8;e678ffd3-f88c-4d15-a5b1-aa2c307ce112;124268;13;krasnodar
9;764e69b3-dc6c-4265-a723-98cb18c32c5b;120450;3;lobya
10;377c8a20-a3e0-4945-9fd8-a1f4ada5d8b0;127164;9;moscow
11;b672d861-071d-4435-b683-09403130a52e;100492;5;krasnodar
12;8f4ee16f-c5e3-44b6-9f7e-89e8ee7d27b0;197896;11;lobya
1;c147ccde-54bc-43c1-a276-64ebef5beef8;32656;16;moscow
2;08199320-6a87-4a2c-8565-dfc0c8484184;85382;11;krasnodar
3;2bd96111-90a9-4a20-80b5-ffc12aea629d;48783;3;krasnodar
4;4531c0a1-bb73-4f15-9f68-3f4abc5c7382;74925;2;lobya
5;d74e4e82-9e90-4eaf-b1d8-9c868e51f56f;79074;7;moscow
6;8bc6abb1-04a5-4b81-8cbd-47388b984d54;92978;15;krasnodar
7;19385fc3-fdc2-41dd-8114-aefa73229132;48627;12;lobya
8;95d6ad00-1c3a-492d-82d7-40a482334a6e;163764;2;moscow
9;891e6493-d7eb-4ac3-8e02-af9e769bf599;181839;13;krasnodar
10;ae650a78-e75a-4c2f-bd3c-21fdd23464f0;38218;11;lobya
11;245d92ab-dd66-4afe-a9b2-40c1775d3dd1;131255;15;moscow
12;d247211c-d16b-43ba-812d-6a27aff31871;32639;14;krasnodar
1;ea2f8025-bbf5-40e3-9fb4-2aa0028a49d8;131685;14;lobya
2;64afa7dd-3de6-4523-bf08-ea7dc16e02ed;25247;7;moscow
3;d5f66ed0-44c2-4147-9d25-313312a23cba;143788;10;krasnodar
4;4e7a2cae-1fd5-4710-b2a5-200685fc85aa;77536;2;lobya
5;33073162-2f17-4d0a-8e33-3634795ed555;149077;9;moscow
6;58a4c3cc-504f-43ea-a74a-bae19e665552;23398;12;krasnodar
7;4dde5428-a8c3-4547-a828-427734519307;190182;13;lobya
8;4d416cec-6f5b-4444-9b50-08770397714b;176826;3;moscow
9;17a37fc5-4b01-4cb9-af2d-d4c89d122135;13837;10;krasnodar
10;0663dccc-7ca4-48ec-8eef-a3cae84ec407;87602;14;lobya
11;a83b36dd-1906-4e1f-8387-5c38fcf76a10;74898;6;moscow
12;34b2bf7d-7cd8-4aba-909d-396655d77f7e;43884;13;krasnodar
1;06f64a2f-e4bb-452b-93dc-dfc64cc8db43;146517;7;lobya
2;364754b9-56fd-49b5-b6fb-d1fca7ca82f9;202512;10;moscow
3;eb6521ae-56e3-4a72-9ea2-e9c69701ff3f;70452;5;krasnodar
4;4bd9d82b-9942-4ad6-b6e6-b22c84353848;172011;6;lobya
5;fd81297f-0495-4045-be04-d65061ab5e98;120566;3;moscow
6;da9935fd-30de-45f9-a87e-e954a391ee2b;157186;3;krasnodar
7;5a47c305-d92a-448e-a68d-471a5da9eb05;50123;9;lobya
8;74b9458b-8464-42bd-bd25-a09df27e7124;199633;8;moscow
9;079ae16b-f498-4cca-bd1b-2919cb650c3a;45297;11;krasnodar
10;0982f6b9-328f-4a67-b7ee-cd0a114868f0;187214;2;lobya
11;ea4043a9-1864-430a-9b4c-d8286915bf10;154138;2;moscow
12;3b21f626-e3f2-41c0-9b20-614c95bb4fa4;68901;1;krasnodar
1;7f0b1b68-7569-41f9-9d5f-28d7e1905f44;98895;8;lobya
2;10b8dc5a-0332-4286-8e80-97f197cbc84e;78896;11;moscow
3;6da7e5e8-060b-4116-91ef-015b33965d68;53773;16;krasnodar
4;f71a41ab-df06-4c9f-a4bf-474e368a40d2;50216;6;lobya
5;3d573784-59f3-49d3-b7ba-65a2e7d55f14;58347;10;moscow
6;ecefadc1-e7f3-4026-a5e7-1cf00195148b;144419;14;krasnodar
7;631c5729-d163-4270-8956-4d9832085d0e;54762;16;lobya
8;aa38e2e1-6da6-4f43-aa13-ed0210ea321c;66686;7;moscow
9;ef770989-4e4d-4f29-be2a-f7834846a483;73658;4;krasnodar
10;222db8e4-4107-4122-b691-5bcf53d2a9f5;199708;14;lobya
11;63c441c2-7435-42c0-b359-b516f8bec40d;6712;5;moscow
12;73ce2e68-5d39-48c6-9695-3d63b3883761;124936;14;lobya
1;0f47231c-3a68-404a-88f7-08a4a172c17f;111934;3;moscow
2;1f7a71e2-0e7a-47ee-89d8-320b6315f4c7;130655;13;krasnodar
3;e8420324-aacf-4aaf-8843-e2d8a33f2a88;36685;12;lobya
4;619b1249-5ca2-4712-8455-88999a6f4212;179989;7;moscow
5;74cf0bb2-01b3-4fea-9006-73b048965ba4;172294;15;krasnodar
6;98de0e2a-2e04-48de-a12c-c139394c8da4;103649;5;lobya
7;a3d46805-2863-46e1-bf75-9757724847dd;67389;15;moscow
8;5e03e789-8a73-4c53-be7e-27ffba4913a6;27692;10;krasnodar
9;b5d80021-a7a8-4b68-bd24-e34a49330c9c;137099;9;lobya
10;3a51af70-3247-495c-86d4-3b185b6349a1;40014;4;moscow
11;051edfd2-b09e-4e48-b12d-cf6ab2fdcc5f;178630;1;krasnodar
12;1633cbae-98fc-4962-bf58-0c38f5f7528d;17501;14;lobya
1;094ee8bc-e2df-46ca-b4c3-926e42492295;179875;8;moscow
2;6a0af6b1-f8a3-4f26-82e5-586b3c1dd49c;145730;13;krasnodar
3;e3c67587-b75c-417c-ae89-27b248afda6e;55597;1;lobya
4;06a80fd5-29ea-4204-a7df-de6b6c30119a;124021;3;moscow
5;36f7f71c-80ca-4e6c-afd0-399fcffcb59e;58746;13;krasnodar
6;cf1ee155-b58c-4dfc-81e5-6479c4a7fb3e;40333;12;lobya
7;b356c131-659c-49df-8a51-12ae0ddb391b;40340;3;moscow
8;4f7a63fc-8438-4c3a-a895-765bf982715d;23382;6;krasnodar
9;6f203ba8-6465-4a9a-afa0-b98dd658588d;192099;1;lobya
10;0770cbfa-708f-46f8-97b6-aa731e357207;120484;15;moscow
11;53edf382-efb5-4114-941d-45937f4a346f;50216;3;krasnodar
12;e43ca8b0-1ca5-4ab5-a77f-5038dfcd6d59;85508;12;lobya
1;b16a52b7-499b-4be8-9220-19076ed22bc9;33397;9;moscow
2;5649965a-47db-4365-898e-d8177964e7b3;41714;15;krasnodar
3;ec25c04c-c9d4-4f02-940c-c5e8404a7b7a;169339;10;lobya
4;28a7e5aa-a593-4a04-aace-b88ad77042e7;144508;11;moscow
5;953004e3-7226-4294-a9f9-c4d244e4dd11;94499;11;krasnodar
6;5f1ca921-ded2-4866-8410-1167d8459a93;201340;4;lobya
7;8d121b21-0ee3-4e88-ab84-56486bc98479;65811;4;moscow
8;4868e348-5eeb-4190-89eb-4156e657aee1;49250;14;krasnodar
9;b82318be-e89e-4b12-8b4e-9cb4ebe5f887;152961;6;lobya
10;fcd98d5f-e9d6-48da-827b-a30b4e35bbf3;81653;3;moscow
11;8bdca104-a6cb-4475-9552-1e773caa1782;172409;15;krasnodar
12;d1bf7700-6afa-4297-9220-48e6aa0d7e2c;122646;4;lobya
1;f4870400-e54c-4b7f-b95c-0ccba252bf39;198835;3;moscow
2;d734d834-c0c7-40c4-a792-e43c91fab78e;128851;7;krasnodar
3;a8b088ec-7c45-4dda-bc86-2ffcc861d8d8;203053;2;lobya
4;0184f535-b60a-4914-a982-231e3f615206;149888;11;moscow
5;b4d0da2e-e1c7-4470-922f-d7f9632aee0f;35491;15;krasnodar
6;00ff5327-0fba-481c-8a07-47a95093a213;104164;4;lobya
7;af8e10c1-00b3-4c6c-8446-18788bfaf2ef;62163;4;moscow
8;4661c3e3-a378-4648-9479-bb9135ac3ab3;94420;7;krasnodar
9;27fff3bd-7b94-44d2-97c1-681419df20c4;112864;9;lobya
10;05304729-78e7-4168-b6be-b58423913247;73575;8;moscow
11;1a32c1a4-5862-4896-8671-fa4c1ffcf0c4;145351;8;krasnodar
12;ed411ae5-99f7-46eb-a310-4c2927369bde;37481;5;lobya
1;6710cdf2-9d0f-49ff-9548-6b57b96ce5a9;114667;5;moscow
2;8d44a294-0013-4dfc-9e86-bf0aa2a04fcb;26677;8;krasnodar
3;80e311a3-2a1f-4a56-b307-d25c1f402048;65197;1;lobya
4;adb341bf-ce59-44ad-8d69-5a1aa1f047be;140907;14;moscow
5;c0f3c95e-cc2c-4a0c-8626-f11f2b74d62f;30411;8;krasnodar
6;54747b0a-9dd6-4f5b-aa3e-ed000bb724d4;105165;6;lobya
7;d6e6f56f-3f6e-4b35-82ae-31ff4a290bc1;181199;13;moscow
8;00c95d20-923e-4b45-88fc-53b12931d462;114476;16;krasnodar
9;7d7f5e10-3025-4c74-879e-0b3b064475a8;122485;3;lobya
10;b52fc1a6-c05e-417d-b41d-f7ea186e7fc4;39138;2;moscow
11;08e500fb-63e9-4703-82a3-7163c8ceb781;85021;2;krasnodar
12;ff422162-fc4a-4b65-a0e2-17f5095ea2c6;82570;13;lobya
1;209c25f9-2299-42fc-b62f-99dfccb71484;117963;13;moscow
2;2476ae0c-8687-426f-a5d8-828456ff63f4;118477;5;krasnodar
3;4555a20c-0f23-4d92-8dc7-0f0902ed60ef;188491;10;lobya
4;3f2bfe0b-f0b4-4066-a4a2-3e26c99ec1f5;197118;5;moscow
5;2bd96111-90a9-4a20-80b5-ffc12aea629d;161999;7;krasnodar
6;4531c0a1-bb73-4f15-9f68-3f4abc5c7382;186669;3;lobya
7;d74e4e82-9e90-4eaf-b1d8-9c868e51f56f;30028;6;moscow
8;8bc6abb1-04a5-4b81-8cbd-47388b984d54;161817;3;krasnodar
9;19385fc3-fdc2-41dd-8114-aefa73229132;152025;11;lobya
10;95d6ad00-1c3a-492d-82d7-40a482334a6e;185270;15;moscow
11;891e6493-d7eb-4ac3-8e02-af9e769bf599;88588;13;krasnodar
12;ae650a78-e75a-4c2f-bd3c-21fdd23464f0;44816;6;lobya
1;245d92ab-dd66-4afe-a9b2-40c1775d3dd1;53181;8;moscow
2;d247211c-d16b-43ba-812d-6a27aff31871;124599;4;krasnodar
3;ea2f8025-bbf5-40e3-9fb4-2aa0028a49d8;96348;8;lobya
4;64afa7dd-3de6-4523-bf08-ea7dc16e02ed;89839;4;moscow
5;d5f66ed0-44c2-4147-9d25-313312a23cba;115023;11;krasnodar
6;4e7a2cae-1fd5-4710-b2a5-200685fc85aa;135755;16;lobya
7;33073162-2f17-4d0a-8e33-3634795ed555;88946;6;moscow
8;58a4c3cc-504f-43ea-a74a-bae19e665552;19880;16;krasnodar
9;4dde5428-a8c3-4547-a828-427734519307;56874;12;lobya
10;4d416cec-6f5b-4444-9b50-08770397714b;44225;2;moscow
11;17a37fc5-4b01-4cb9-af2d-d4c89d122135;19976;9;krasnodar
12;0663dccc-7ca4-48ec-8eef-a3cae84ec407;203445;1;lobya
1;a83b36dd-1906-4e1f-8387-5c38fcf76a10;119466;5;moscow
2;34b2bf7d-7cd8-4aba-909d-396655d77f7e;171303;14;krasnodar
3;06f64a2f-e4bb-452b-93dc-dfc64cc8db43;147573;1;lobya
4;364754b9-56fd-49b5-b6fb-d1fca7ca82f9;68936;16;moscow
5;eb6521ae-56e3-4a72-9ea2-e9c69701ff3f;140288;10;krasnodar
6;4bd9d82b-9942-4ad6-b6e6-b22c84353848;104724;1;lobya
7;fd81297f-0495-4045-be04-d65061ab5e98;166355;10;moscow
8;da9935fd-30de-45f9-a87e-e954a391ee2b;59232;1;krasnodar
9;5a47c305-d92a-448e-a68d-471a5da9eb05;64756;11;lobya
10;74b9458b-8464-42bd-bd25-a09df27e7124;81396;13;moscow
11;079ae16b-f498-4cca-bd1b-2919cb650c3a;30361;2;krasnodar
12;0982f6b9-328f-4a67-b7ee-cd0a114868f0;132639;13;lobya
1;ea4043a9-1864-430a-9b4c-d8286915bf10;98032;14;moscow
2;3b21f626-e3f2-41c0-9b20-614c95bb4fa4;168368;1;krasnodar
3;7f0b1b68-7569-41f9-9d5f-28d7e1905f44;62574;3;lobya
4;10b8dc5a-0332-4286-8e80-97f197cbc84e;134750;11;moscow
5;6da7e5e8-060b-4116-91ef-015b33965d68;58838;8;krasnodar
6;f71a41ab-df06-4c9f-a4bf-474e368a40d2;64905;5;lobya
7;3d573784-59f3-49d3-b7ba-65a2e7d55f14;200940;14;moscow
8;ecefadc1-e7f3-4026-a5e7-1cf00195148b;172669;4;krasnodar
9;631c5729-d163-4270-8956-4d9832085d0e;46214;16;lobya
10;aa38e2e1-6da6-4f43-aa13-ed0210ea321c;89932;4;moscow
11;ef770989-4e4d-4f29-be2a-f7834846a483;31949;5;krasnodar
12;222db8e4-4107-4122-b691-5bcf53d2a9f5;180025;1;lobya
1;63c441c2-7435-42c0-b359-b516f8bec40d;178923;15;moscow
